recorte_analisis,fila,columna,x_centro_utm,y_centro_utm,xmin_utm,ymin_utm,xmax_utm,ymax_utm,area_total_ha,area_arbolada_ha,porcentaje_arbolado,conf010_detecciones_unicas,conf010_detecciones_altura_valida,conf010_detecciones_usadas_biomasa,conf010_altura_p95_media_m,conf010_diametro_copa_medio_m,conf010_biomasa_gimnosperma_t,conf010_biomasa_gimnosperma_t_ha_arbolada,conf015_detecciones_unicas,conf015_detecciones_altura_valida,conf015_detecciones_usadas_biomasa,conf015_altura_p95_media_m,conf015_diametro_copa_medio_m,conf015_biomasa_gimnosperma_t,conf015_biomasa_gimnosperma_t_ha_arbolada,conf020_detecciones_unicas,conf020_detecciones_altura_valida,conf020_detecciones_usadas_biomasa,conf020_altura_p95_media_m,conf020_diametro_copa_medio_m,conf020_biomasa_gimnosperma_t,conf020_biomasa_gimnosperma_t_ha_arbolada,conf025_detecciones_unicas,conf025_detecciones_altura_valida,conf025_detecciones_usadas_biomasa,conf025_altura_p95_media_m,conf025_diametro_copa_medio_m,conf025_biomasa_gimnosperma_t,conf025_biomasa_gimnosperma_t_ha_arbolada
PNOA_area_LiDAR_508000_4179000_512000_4183000_01_01,1,1,508228.0,4182877.0,508000.0,4182754.0,508456.0,4183000.0,11.2176,0.0,0.0,641,0,0,,,0.0,,538,0,0,,,0.0,,470,0,0,,,0.0,,412,0,0,,,0.0,
PNOA_area_LiDAR_508000_4179000_512000_4183000_01_02,1,2,508672.0,4182877.0,508456.0,4182754.0,508888.0,4183000.0,10.6272,0.0,0.0,325,0,0,,,0.0,,263,0,0,,,0.0,,225,0,0,,,0.0,,199,0,0,,,0.0,
PNOA_area_LiDAR_508000_4179000_512000_4183000_01_03,1,3,509104.0,4182877.0,508888.0,4182754.0,509320.0,4183000.0,10.6272,2.446,23.01641071966275,413,266,264,9.161118191883975,9.63910164679941,105.22833668471289,43.02057918426528,350,226,224,9.114971348669677,9.653903522115325,89.53293167256655,36.60381507463882,307,200,198,9.075031652450562,9.740800570074034,78.09360847172029,31.92706805875727,270,174,172,8.980291002098172,9.808603477532325,66.84802438313592,27.329527548297595
PNOA_area_LiDAR_508000_4179000_512000_4183000_01_04,1,4,509536.0,4182877.0,509320.0,4182754.0,509752.0,4183000.0,10.6272,4.5322,42.647169527250824,423,421,421,9.847370806895638,9.50045352331637,173.28755031451865,38.234753610722976,328,326,326,9.904837278500656,9.824781277173486,142.89095225768358,31.527944984264504,268,266,266,9.878655082301089,9.877235199123453,116.10693236725278,25.618227873274083,233,231,231,9.891917734435111,9.9239006766794,101.95623006709401,22.495968859956317
PNOA_area_LiDAR_508000_4179000_512000_4183000_01_05,1,5,509968.0,4182877.0,509752.0,4182754.0,510184.0,4183000.0,10.6272,5.4506,51.2891448358928,538,536,535,11.088071146118107,8.536130903024281,228.0011769697889,41.83047315337558,422,422,421,11.026637346823634,8.604145783818847,182.21234656371044,33.42977774258072,357,357,356,11.012979803299036,8.701545959460269,156.54218201969098,28.720174296351043,299,299,298,10.994217207599245,8.79625277123512,133.44254097362017,24.482174618137485
PNOA_area_LiDAR_508000_4179000_512000_4183000_01_06,1,6,510400.0,4182877.0,510184.0,4182754.0,510616.0,4183000.0,10.6272,5.0543,47.56003462812405,541,536,534,10.866324248598582,8.991605112191557,229.44711521922457,45.39641794496262,442,437,436,10.929327058028301,9.007398638411699,189.32963681029742,37.45912130469055,393,390,389,10.943620163966449,9.08032708796282,171.8985213983259,34.01035185848207,348,346,345,10.974889814509133,9.083118146948182,152.90284528544356,30.25203198968078
PNOA_area_LiDAR_508000_4179000_512000_4183000_01_07,1,7,510832.0,4182877.0,510616.0,4182754.0,511048.0,4183000.0,10.6272,2.1389,20.126656127672387,373,316,316,5.315265689469591,8.959813762556673,48.38794687467686,22.622818680011623,318,266,266,5.310173078587181,9.05129521276874,41.128033496228994,19.228591096465003,287,236,236,5.368071807643115,9.086996491263855,36.98228475073305,17.290329024607534,256,210,210,5.414402606373741,9.100287229152036,33.16679205099682,15.506471574639683
PNOA_area_LiDAR_508000_4179000_512000_4183000_01_08,1,8,511264.0,4182877.0,511048.0,4182754.0,511480.0,4183000.0,10.6272,0.4439,4.177017464619091,544,359,359,2.5655604783538988,6.48475772780335,10.281076313844293,23.160793678405707,519,342,342,2.5493865243175575,6.50195635362989,9.856983973058671,22.205415573459497,498,329,329,2.5553302975048773,6.52022141782871,9.676967247595309,21.799881161512296,484,317,317,2.5278214791595746,6.503814496976532,9.182349235259673,20.685625670780972
PNOA_area_LiDAR_508000_4179000_512000_4183000_01_09,1,9,511696.0,4182877.0,511480.0,4182754.0,511912.0,4183000.0,10.6272,0.3466,3.261442336645589,766,478,478,2.399682913864008,5.85686433477587,6.567967768625919,18.949705045083434,718,455,455,2.399346390923301,5.859346938714563,6.257052383397038,18.05266123311321,680,436,436,2.403844770488389,5.887666888089543,6.07660569499129,17.532041820517282,650,419,419,2.3945202696579453,5.909750183218123,5.854017007136878,16.88983556588828
PNOA_area_LiDAR_508000_4179000_512000_4183000_01_10,1,10,511956.0,4182877.0,511912.0,4182754.0,512000.0,4183000.0,2.1648,0.0879,4.060421286031042,317,165,165,2.419689161127264,5.466563627118432,1.937284055863725,22.039636585480373,310,159,159,2.415413178737808,5.447755593069811,1.8367264195316755,20.895636172146478,308,157,157,2.4201661690025573,5.4277859765676455,1.8105909361233115,20.598304165225386,305,156,156,2.413670229606139,5.436545960487908,1.7981476004922186,20.456741757590652
PNOA_area_LiDAR_508000_4179000_512000_4183000_02_01,2,1,508228.0,4182643.0,508000.0,4182532.0,508456.0,4182754.0,10.1232,0.0,0.0,472,0,0,,,0.0,,399,0,0,,,0.0,,351,0,0,,,0.0,,312,0,0,,,0.0,
PNOA_area_LiDAR_508000_4179000_512000_4183000_02_02,2,2,508672.0,4182643.0,508456.0,4182532.0,508888.0,4182754.0,9.5904,0.0,0.0,192,0,0,,,0.0,,158,0,0,,,0.0,,136,0,0,,,0.0,,116,0,0,,,0.0,
PNOA_area_LiDAR_508000_4179000_512000_4183000_02_03,2,3,509104.0,4182643.0,508888.0,4182532.0,509320.0,4182754.0,9.5904,2.8482,29.698448448448445,407,258,258,12.407139312389285,9.478172953241472,153.09114877331845,53.75014000888928,339,214,214,12.386186922822043,9.552884056291731,127.53459305115057,44.77726039293258,291,185,185,12.356429386138917,9.605999676791324,111.54717745501938,39.164095728888206,254,157,157,12.368301522200275,9.650750902781732,95.14789965456185,33.40632668161009
PNOA_area_LiDAR_508000_4179000_512000_4183000_02_04,2,4,509536.0,4182643.0,509320.0,4182532.0,509752.0,4182754.0,9.5904,1.4237,14.845053386720053,127,119,118,9.772027236072956,9.919424955832351,51.25480834964585,36.00112969701893,100,96,96,9.719134777784348,10.013526478050972,42.251825658521234,29.677478161495564,82,80,80,9.750492167472839,10.038215231779944,35.17216584373122,24.70475931989269,67,65,65,9.7214996778048,10.056946710782398,28.59508654625271,20.08505060493974
PNOA_area_LiDAR_508000_4179000_512000_4183000_02_05,2,5,509968.0,4182643.0,509752.0,4182532.0,510184.0,4182754.0,9.5904,2.2429,23.386928595261928,305,296,296,7.568877839558834,9.03744373311392,85.74075489243609,38.2276315896545,257,251,251,7.4999002593447015,9.037523808381156,72.81166588706272,32.463179761497486,233,227,227,7.383733295659137,9.034954278076803,65.22184109228063,29.07924610650525,209,203,203,7.264132093326212,9.107363239375305,58.82083689756572,26.22534972471609
PNOA_area_LiDAR_508000_4179000_512000_4183000_02_06,2,6,510400.0,4182643.0,510184.0,4182532.0,510616.0,4182754.0,9.5904,2.6509,27.641182849516184,223,220,220,8.646609322591262,9.45585242768695,76.54657346405477,28.875692581408114,188,188,188,8.564384965186424,9.646672915412596,66.15403276438911,24.955310560333892,160,160,160,8.439378799498082,9.754446000789578,56.89228929290913,21.461499601233218,143,143,143,8.503163569457048,9.92213508602701,52.70447321261604,19.881728172551224
PNOA_area_LiDAR_508000_4179000_512000_4183000_02_07,2,7,510832.0,4182643.0,510616.0,4182532.0,511048.0,4182754.0,9.5904,1.0565,11.016224557891224,216,160,158,5.090660797059536,9.599840142623151,29.999845107473764,28.39549939183508,196,143,142,5.159189732758315,9.715880061857504,27.879891739912438,26.388917879708885,170,124,123,5.233273135077569,9.865014806644558,24.711405806095232,23.389877715187158,154,111,110,5.253063979449573,10.03100581825365,22.459608180833232,21.258502774096765
PNOA_area_LiDAR_508000_4179000_512000_4183000_02_08,2,8,511264.0,4182643.0,511048.0,4182532.0,511480.0,4182754.0,9.5904,1.5871,16.54884050717384,272,241,241,4.473387886379764,9.054176640136733,29.728478132234017,18.731320100960254,236,213,213,4.478532337806594,9.063195681732,26.65569379653806,16.795220084769745,212,191,191,4.469932136735367,9.054965325795308,23.676433392904688,14.91804762957891,185,169,169,4.322358587084437,9.03672478587938,20.296429698877912,12.78837483389699
PNOA_area_LiDAR_508000_4179000_512000_4183000_02_09,2,9,511696.0,4182643.0,511480.0,4182532.0,511912.0,4182754.0,9.5904,0.4551,4.74537037037037,424,214,214,2.950183389342834,6.501113428289862,7.53465330233846,16.55603889768943,381,186,186,2.992139756038625,6.483199254879053,6.833674019173018,15.015763610575737,346,167,167,3.006367356477383,6.547608274141941,6.3662342983734606,13.988649304270403,316,150,150,3.0096185715993244,6.584955902761694,5.897472373642191,12.9586296937864
PNOA_area_LiDAR_508000_4179000_512000_4183000_02_10,2,10,511956.0,4182643.0,511912.0,4182532.0,512000.0,4182754.0,1.9536,0.0856,4.381654381654381,216,131,131,2.5042016833793115,5.915918472031289,2.2105818628731218,25.824554472816843,213,131,131,2.5042016833793115,5.915918472031289,2.2105818628731218,25.824554472816843,212,131,131,2.5042016833793115,5.915918472031289,2.2105818628731218,25.824554472816843,209,131,131,2.5042016833793115,5.915918472031289,2.2105818628731218,25.824554472816843
PNOA_area_LiDAR_508000_4179000_512000_4183000_03_01,3,1,508228.0,4182421.0,508000.0,4182310.0,508456.0,4182532.0,10.1232,0.0,0.0,279,0,0,,,0.0,,261,0,0,,,0.0,,236,0,0,,,0.0,,216,0,0,,,0.0,
PNOA_area_LiDAR_508000_4179000_512000_4183000_03_02,3,2,508672.0,4182421.0,508456.0,4182310.0,508888.0,4182532.0,9.5904,0.0,0.0,196,0,0,,,0.0,,163,0,0,,,0.0,,140,0,0,,,0.0,,121,0,0,,,0.0,
PNOA_area_LiDAR_508000_4179000_512000_4183000_03_03,3,3,509104.0,4182421.0,508888.0,4182310.0,509320.0,4182532.0,9.5904,1.6495,17.19949115782449,252,158,157,10.948178938672513,9.63491969071315,77.01189882235575,46.68802596080979,196,126,125,11.298264618903872,9.505805930348238,63.16260210086769,38.29196853644601,162,104,104,11.370128221236742,9.686549654013008,54.82233774335709,33.23573067193519,136,86,86,11.211080509562825,9.638559690785595,43.96659886433135,26.65450067555705
PNOA_area_LiDAR_508000_4179000_512000_4183000_03_04,3,4,509536.0,4182421.0,509320.0,4182310.0,509752.0,4182532.0,9.5904,3.801,39.63338338338338,344,343,342,9.24807261864576,8.978382074284069,115.29667719462365,30.333248406899145,284,283,283,9.223998300599547,9.030796254494671,95.50074958700245,25.125164321758074,240,239,239,9.248081787859546,9.216031879001017,83.59200896817563,21.992109699598956,203,202,202,9.16893438891609,9.399983439954177,71.81371215380051,18.893373363272957
PNOA_area_LiDAR_508000_4179000_512000_4183000_03_05,3,5,509968.0,4182421.0,509752.0,4182310.0,510184.0,4182532.0,9.5904,4.6496,48.481815148481815,485,483,482,9.868703215265374,8.839365999106834,173.75601574295894,37.37009973824822,394,392,391,10.0454278703855,9.008870612268217,147.99338969815565,31.82927342097291,332,330,330,10.02490496563189,9.004722329306993,124.36318145939549,26.747071029635986,295,293,293,9.96821317330969,9.08843723542073,110.4988382140881,23.765235335101533
PNOA_area_LiDAR_508000_4179000_512000_4183000_03_06,3,6,510400.0,4182421.0,510184.0,4182310.0,510616.0,4182532.0,9.5904,1.244,12.971304637971304,152,145,144,7.441325163019115,10.330430406564883,45.26781146102235,36.38891596545205,135,129,128,7.5784854279008025,10.393079663308752,41.68411722216147,33.50813281524234,118,113,113,7.399647221101069,10.534684780089497,36.577557952311714,29.403181633691087,105,101,101,7.3638209423216265,10.69990054509631,32.4565798255963,26.09049825208706
PNOA_area_LiDAR_508000_4179000_512000_4183000_03_07,3,7,510832.0,4182421.0,510616.0,4182310.0,511048.0,4182532.0,9.5904,2.8115,29.315774107440774,288,283,283,8.382570816855548,9.368605176130954,88.06709717296744,31.323883042136735,233,231,231,8.260350827014808,9.568446158453499,72.5194473098933,25.793863528327687,207,206,206,8.421358100418905,9.644579506937744,67.36250025333513,23.959630180805664,186,185,185,8.419518688562754,9.70905727553732,61.26157503065477,21.78964077206287
PNOA_area_LiDAR_508000_4179000_512000_4183000_03_08,3,8,511264.0,4182421.0,511048.0,4182310.0,511480.0,4182532.0,9.5904,2.3472,24.474474474474473,348,291,291,8.113827349803701,8.963404571835133,82.18825592489466,35.015446457436376,286,240,240,8.126292337973913,9.150465173322015,70.0856511295462,29.859258320358816,233,200,200,8.203987362384796,9.314407082331583,59.907072861143,25.522781552975033,195,166,166,8.372909423816635,9.458398370955866,53.08544257062164,22.616497346038532
PNOA_area_LiDAR_508000_4179000_512000_4183000_03_09,3,9,511696.0,4182421.0,511480.0,4182310.0,511912.0,4182532.0,9.5904,1.0532,10.981815148481813,502,398,397,3.0582980582462485,7.331090884937673,17.074472433098283,16.211994334502737,455,368,367,3.0224306609319602,7.207668236936287,15.107894829857878,14.344753921247513,431,347,346,3.0230465855996957,7.158268778183825,14.331478384941303,13.607556385246205,415,333,332,2.9964619327235864,7.0917735854131045,13.013204482954263,12.355872087879096
PNOA_area_LiDAR_508000_4179000_512000_4183000_03_10,3,10,511956.0,4182421.0,511912.0,4182310.0,512000.0,4182532.0,1.9536,0.1019,5.216011466011467,255,161,161,2.413199029353835,6.021732710335393,2.246379703658461,22.044943117354865,247,159,159,2.413669193315806,6.030750137126417,2.225683050716933,21.84183563019561,241,158,158,2.410940672777876,6.028311832852704,2.205535945108768,21.64412114925189,239,158,158,2.410940672777876,6.028311832852704,2.205535945108768,21.64412114925189
PNOA_area_LiDAR_508000_4179000_512000_4183000_04_01,4,1,508228.0,4182199.0,508000.0,4182088.0,508456.0,4182310.0,10.1232,0.0,0.0,158,0,0,,,0.0,,141,0,0,,,0.0,,124,0,0,,,0.0,,99,0,0,,,0.0,
PNOA_area_LiDAR_508000_4179000_512000_4183000_04_02,4,2,508672.0,4182199.0,508456.0,4182088.0,508888.0,4182310.0,9.5904,0.0,0.0,241,0,0,,,0.0,,199,0,0,,,0.0,,173,0,0,,,0.0,,154,0,0,,,0.0,
PNOA_area_LiDAR_508000_4179000_512000_4183000_04_03,4,3,509104.0,4182199.0,508888.0,4182088.0,509320.0,4182310.0,9.5904,4.9632,51.75175175175174,456,431,431,9.64888833072512,8.442741196497378,136.38851740594595,27.479955957032953,365,344,344,9.753413428400838,8.601332188218358,114.40405415553282,23.050462233142493,300,283,283,9.785159715915317,8.703551912926489,96.5386596738407,19.450890488765456,241,230,230,9.855416940606158,8.909571564850763,82.13815636250767,16.54943511494755
PNOA_area_LiDAR_508000_4179000_512000_4183000_04_04,4,4,509536.0,4182199.0,509320.0,4182088.0,509752.0,4182310.0,9.5904,4.6778,48.775859192525864,281,280,279,8.292716614689146,9.222325348315348,81.50720367347049,17.424260052475624,219,218,218,8.332452880133182,9.403504506757198,66.19085920521552,14.149997692337319,177,177,177,8.366640301074012,9.540721754377406,55.50084805740767,11.86473300641491,150,150,150,8.474411131540935,9.680507322428365,49.748251400184266,10.634967591642281
PNOA_area_LiDAR_508000_4179000_512000_4183000_04_05,4,5,509968.0,4182199.0,509752.0,4182088.0,510184.0,4182310.0,9.5904,6.063,63.21946946946946,420,418,418,7.90905362396149,8.974484602594337,106.93153762472888,17.636737196887495,318,316,316,7.917775237107579,9.16134329048199,84.44312910724237,13.92761489481154,269,269,269,7.872360759508211,9.432091936594535,74.98639765352019,12.367870304060727,221,221,221,8.004441612985879,9.578089795753904,65.33980804124262,10.776811486267956
PNOA_area_LiDAR_508000_4179000_512000_4183000_04_06,4,6,510400.0,4182199.0,510184.0,4182088.0,510616.0,4182310.0,9.5904,3.2102,33.473056389723055,301,297,297,8.310827566718412,9.5537416200471,106.14708045926868,33.06556615141383,241,237,237,8.488700511586314,9.796391192707315,87.58043641301009,27.281925242355644,201,197,197,8.44192842299563,9.874570967206214,73.87754691257071,23.013378266952436,182,179,179,8.44113510281014,9.949796550221297,67.00129159830126,20.87137611310861
PNOA_area_LiDAR_508000_4179000_512000_4183000_04_07,4,7,510832.0,4182199.0,510616.0,4182088.0,511048.0,4182310.0,9.5904,4.703,49.03862195528862,479,478,478,10.013336318806125,8.884654966300578,185.26181108721266,39.39226261688553,406,405,405,10.104343854645153,8.980615871477475,160.6057437866575,34.14963720745428,335,335,335,10.361659108346968,9.024939001306976,139.2981761719399,29.619004076534104,287,287,287,10.40155763576255,9.154271875906014,122.85459855360837,26.122602286542286
PNOA_area_LiDAR_508000_4179000_512000_4183000_04_08,4,8,511264.0,4182199.0,511048.0,4182088.0,511480.0,4182310.0,9.5904,1.3405,13.977519185852518,436,223,223,7.04096207918073,8.569573258468969,46.47922361234572,34.67305006515906,316,164,164,7.050635095049695,8.711062318385324,34.48355264101803,25.72439585305336,250,130,130,7.187595167526832,8.82225961186396,28.171446871040377,21.015626162656005,197,106,106,7.555059583681934,8.889416396484048,24.856708302455647,18.54286333640854
PNOA_area_LiDAR_508000_4179000_512000_4183000_04_09,4,9,511696.0,4182199.0,511480.0,4182088.0,511912.0,4182310.0,9.5904,0.4224,4.404404404404405,532,219,219,3.0031350366601117,7.684672693118253,10.182157026189314,24.105485383970915,469,195,195,3.0100262947571585,7.6196982673562585,9.150235963140815,21.662490443041705,430,185,185,2.9978657516273293,7.589149515200551,8.737139169447605,20.68451507918467,398,174,174,2.9847944961197075,7.571599307706272,8.131839142204658,19.251513120749664
PNOA_area_LiDAR_508000_4179000_512000_4183000_04_10,4,10,511956.0,4182199.0,511912.0,4182088.0,512000.0,4182310.0,1.9536,0.0634,3.245290745290745,234,101,101,2.3960721681613735,5.582296827615782,1.2375527894032148,19.51976008522421,229,101,101,2.3960721681613735,5.582296827615782,1.2375527894032148,19.51976008522421,223,100,100,2.397408134937286,5.580275097370122,1.2264451895958492,19.34456135009226,215,99,99,2.4005123798293297,5.594766089142902,1.2211357115930428,19.260815640268813
PNOA_area_LiDAR_508000_4179000_512000_4183000_05_01,5,1,508228.0,4181977.0,508000.0,4181866.0,508456.0,4182088.0,10.1232,0.0,0.0,305,0,0,,,0.0,,270,0,0,,,0.0,,237,0,0,,,0.0,,213,0,0,,,0.0,
PNOA_area_LiDAR_508000_4179000_512000_4183000_05_02,5,2,508672.0,4181977.0,508456.0,4181866.0,508888.0,4182088.0,9.5904,0.0,0.0,238,0,0,,,0.0,,188,0,0,,,0.0,,164,0,0,,,0.0,,142,0,0,,,0.0,
PNOA_area_LiDAR_508000_4179000_512000_4183000_05_03,5,3,509104.0,4181977.0,508888.0,4181866.0,509320.0,4182088.0,9.5904,5.1657,53.86323823823823,625,426,426,10.281748865691709,8.75920866902002,160.94726694821347,31.156913283429827,519,347,347,10.257988598573448,8.898650568721198,134.19957630610037,25.97897212499765,433,288,288,10.45712730122937,8.9236870600067,116.02699663329331,22.461040446269298,364,240,240,10.54734995563825,9.052023560559253,100.25481811761298,19.407789480150413
PNOA_area_LiDAR_508000_4179000_512000_4183000_05_04,5,4,509536.0,4181977.0,509320.0,4181866.0,509752.0,4182088.0,9.5904,2.3481,24.48385885885886,189,181,180,8.930231671306968,9.3113474206093,60.518749043312106,25.77349731413147,141,137,136,9.36695736516131,9.331412846480417,49.93221707390935,21.26494488050311,113,109,108,9.659012803243934,9.444849200965253,41.97956166794005,17.878097895294086,98,95,95,9.607516715401097,9.53223505871248,37.30972228664199,15.889324256480554
PNOA_area_LiDAR_508000_4179000_512000_4183000_05_05,5,5,509968.0,4181977.0,509752.0,4181866.0,510184.0,4182088.0,9.5904,4.7246,49.26384718051384,388,388,387,8.662320642127204,9.257383724801638,120.92688351142729,25.595158005212568,334,334,333,8.673132015559487,9.420393553478297,107.47713128207221,22.748408602224995,274,274,273,8.658007522569086,9.53152781398825,89.34900950137984,18.91144424954067,230,230,229,8.753299777404122,9.577682231535409,77.50454770860442,16.404467618127338
PNOA_area_LiDAR_508000_4179000_512000_4183000_05_06,5,6,510400.0,4181977.0,510184.0,4181866.0,510616.0,4182088.0,9.5904,3.7202,38.790874207540874,484,467,467,8.60982485705831,9.040186457378057,142.0952736084314,38.19560066889721,403,393,393,8.651339723863675,9.083542498259689,121.89126751296722,32.76470821809774,333,324,324,8.754915090254796,9.139815151231224,103.42447805402192,27.80078438095315,283,276,276,8.870766022930974,9.175199202175113,91.0387419516593,24.471464424401727
PNOA_area_LiDAR_508000_4179000_512000_4183000_05_07,5,7,510832.0,4181977.0,510616.0,4181866.0,511048.0,4182088.0,9.5904,3.6528,38.088088088088085,451,413,413,8.303926023386293,9.014524586198672,125.74769032466219,34.425013777010015,358,334,334,8.4555015949432,9.197956963675008,106.871692873124,29.25747176771901,305,284,284,8.668364756543872,9.279802040733617,95.98175116262084,26.276213086569438,267,250,250,8.658895391464233,9.41165489127904,86.00871806003528,23.5459696835401
PNOA_area_LiDAR_508000_4179000_512000_4183000_05_08,5,8,511264.0,4181977.0,511048.0,4181866.0,511480.0,4182088.0,9.5904,0.7695,8.023648648648647,395,227,227,4.128861106964985,9.00949873302944,19.64871498106634,25.534392438032935,309,181,181,4.263965546096886,9.182266104324716,17.061301144574948,22.17193131198824,256,153,153,4.420838472889919,9.170887722501591,15.399948077689855,20.01292797620514,204,120,120,4.50882353981336,9.173470962121721,12.72013657999877,16.53039191682751
PNOA_area_LiDAR_508000_4179000_512000_4183000_05_09,5,9,511696.0,4181977.0,511480.0,4181866.0,511912.0,4182088.0,9.5904,0.5505,5.740115115115114,524,305,304,2.8558247480236116,7.534382357916641,11.793383325243946,21.423039646219703,453,272,271,2.83151935654528,7.465509682509346,10.02242730354091,18.206044148121546,407,253,252,2.81416434638585,7.362843639841678,8.791735131485899,15.970454371454856,369,235,234,2.82492547846855,7.372655016022504,8.335101276346093,15.140965079647762
PNOA_area_LiDAR_508000_4179000_512000_4183000_05_10,5,10,511956.0,4181977.0,511912.0,4181866.0,512000.0,4182088.0,1.9536,0.0921,4.714373464373464,295,169,169,2.380639434566159,5.947451018619892,2.2245289040586695,24.15340829596818,291,169,169,2.380639434566159,5.947451018619892,2.2245289040586695,24.15340829596818,287,169,169,2.380639434566159,5.947451018619892,2.2245289040586695,24.15340829596818,283,169,169,2.380639434566159,5.947451018619892,2.2245289040586695,24.15340829596818
PNOA_area_LiDAR_508000_4179000_512000_4183000_06_01,6,1,508228.0,4181755.0,508000.0,4181644.0,508456.0,4181866.0,10.1232,0.0,0.0,542,0,0,,,0.0,,466,0,0,,,0.0,,403,0,0,,,0.0,,359,0,0,,,0.0,
PNOA_area_LiDAR_508000_4179000_512000_4183000_06_02,6,2,508672.0,4181755.0,508456.0,4181644.0,508888.0,4181866.0,9.5904,0.0,0.0,100,0,0,,,0.0,,77,0,0,,,0.0,,71,0,0,,,0.0,,65,0,0,,,0.0,
PNOA_area_LiDAR_508000_4179000_512000_4183000_06_03,6,3,509104.0,4181755.0,508888.0,4181644.0,509320.0,4181866.0,9.5904,1.0337,10.778486820153486,114,73,72,9.171430796793063,10.289409030934522,30.75221342686209,29.74965021462909,90,61,61,9.274123520147604,10.309369009753865,26.461559215100976,25.598877058238344,68,42,42,9.551391453970046,10.702839160482121,20.472895209148827,19.805451493807514,53,33,33,9.64004136576797,11.01359627274962,16.93640726889492,16.384257781653208
PNOA_area_LiDAR_508000_4179000_512000_4183000_06_04,6,4,509536.0,4181755.0,509320.0,4181644.0,509752.0,4181866.0,9.5904,3.7989,39.611486486486484,330,327,326,8.566115854712436,9.322782862719684,104.55305205143766,27.521927940045185,262,259,258,8.608508228795408,9.41404808748617,84.70515328061123,22.29728428771782,227,224,223,8.554248889642102,9.563844852706733,75.12161160606414,19.77456937694178,200,198,197,8.612378073461128,9.549366552190428,66.35062121555849,17.465745667313826
PNOA_area_LiDAR_508000_4179000_512000_4183000_06_05,6,5,509968.0,4181755.0,509752.0,4181644.0,510184.0,4181866.0,9.5904,5.6535,58.94957457457457,503,501,500,8.88948078926452,8.995844949888012,159.6537405458521,28.239805526815616,382,380,379,9.002654849228106,9.033148939944876,124.31345456811431,21.988759983747112,323,321,320,9.099904718428757,9.138596933962916,108.7570649097,19.237121236349164,271,270,270,9.374156208391543,9.194007454765039,96.80911635586565,17.12374924486878
PNOA_area_LiDAR_508000_4179000_512000_4183000_06_06,6,6,510400.0,4181755.0,510184.0,4181644.0,510616.0,4181866.0,9.5904,5.2536,54.77977977977977,684,678,678,11.382674918765515,8.550175253730941,305.37677616294314,58.127146368764876,549,545,545,11.652759027481078,8.64929882603843,256.6093909137724,48.84448585993841,458,455,455,11.987316944310953,8.700545973273195,225.1368881035309,42.85383129730678,397,395,395,12.141307198246823,8.763519062619924,200.7889409376095,38.21930503609135
PNOA_area_LiDAR_508000_4179000_512000_4183000_06_07,6,7,510832.0,4181755.0,510616.0,4181644.0,511048.0,4181866.0,9.5904,4.361,45.47255588922255,566,547,547,10.30088420977758,8.705675706259814,212.5391583981596,48.73633533551011,475,461,461,10.440916050023475,8.82157980064256,186.2464497353363,42.707280379577234,408,396,396,10.518514845106337,8.894434979741355,163.79136052094194,37.55821153885392,350,338,338,10.520666735412101,8.978845287593524,142.2240199254139,32.61270807737076
PNOA_area_LiDAR_508000_4179000_512000_4183000_06_08,6,8,511264.0,4181755.0,511048.0,4181644.0,511480.0,4181866.0,9.5904,0.8005,8.346888555221888,401,242,242,5.011772575457234,9.47013574879352,34.80225826569384,43.47565055052322,316,200,200,5.061657782793045,9.514808850179257,29.570971605800107,36.94062661561537,263,172,172,5.07242858825728,9.677283521677436,26.086485690283997,32.587739775495315,216,147,147,5.180017977344747,9.794886131974765,23.5916950155291,29.47119926986771
PNOA_area_LiDAR_508000_4179000_512000_4183000_06_09,6,9,511696.0,4181755.0,511480.0,4181644.0,511912.0,4181866.0,9.5904,0.127,1.324240907574241,363,87,87,2.929372362706853,8.105112563968273,3.26934482071964,25.742872604091655,297,72,72,2.976890650060442,8.060704956454334,2.7950831423727696,22.008528680100547,257,67,67,2.968859135214962,7.886581773899924,2.4967528368846743,19.659471156572238,225,60,60,2.9804471850395204,8.023656032319014,2.3317776358335647,18.36045382546114
PNOA_area_LiDAR_508000_4179000_512000_4183000_06_10,6,10,511956.0,4181755.0,511912.0,4181644.0,512000.0,4181866.0,1.9536,0.0387,1.980958230958231,282,76,76,2.439739111222719,5.624735093428142,1.297345836650484,33.523148233862635,274,75,75,2.3731641483306887,5.580461265883549,1.0935548079004904,28.257230178307246,267,72,72,2.3753976656330957,5.596233663221813,1.0648505764878453,27.515518772295746,255,72,72,2.3753976656330957,5.596233663221813,1.0648505764878453,27.515518772295746
PNOA_area_LiDAR_508000_4179000_512000_4183000_07_01,7,1,508228.0,4181533.0,508000.0,4181422.0,508456.0,4181644.0,10.1232,0.0,0.0,697,0,0,,,0.0,,600,0,0,,,0.0,,528,0,0,,,0.0,,476,0,0,,,0.0,
PNOA_area_LiDAR_508000_4179000_512000_4183000_07_02,7,2,508672.0,4181533.0,508456.0,4181422.0,508888.0,4181644.0,9.5904,0.0,0.0,227,0,0,,,0.0,,194,0,0,,,0.0,,170,0,0,,,0.0,,156,0,0,,,0.0,
PNOA_area_LiDAR_508000_4179000_512000_4183000_07_03,7,3,509104.0,4181533.0,508888.0,4181422.0,509320.0,4181644.0,9.5904,0.0,0.0,5,0,0,,,0.0,,1,0,0,,,0.0,,0,0,0,,,0.0,,0,0,0,,,0.0,
PNOA_area_LiDAR_508000_4179000_512000_4183000_07_04,7,4,509536.0,4181533.0,509320.0,4181422.0,509752.0,4181644.0,9.5904,3.7154,38.74082415749082,399,395,395,12.362933151631415,8.721711492175459,208.99014530416238,56.24970267108855,327,324,324,12.442519245324311,8.776269895749103,174.83213808148642,47.05607419967875,272,270,270,12.515126576247038,8.779143083841848,146.74092738808838,39.49532416108316,240,239,239,12.641374663827808,8.79355870561329,131.96882149622942,35.51941150245719
PNOA_area_LiDAR_508000_4179000_512000_4183000_07_05,7,5,509968.0,4181533.0,509752.0,4181422.0,510184.0,4181644.0,9.5904,6.3848,66.5749082415749,771,767,767,12.925887398178917,8.51717882247589,418.95370667704833,65.61735789328536,623,620,620,12.988190942810428,8.55383630120415,341.1611881506786,53.4333398306413,539,537,537,13.107472284768102,8.630346205552163,303.9459275167001,47.60461212828908,462,461,461,13.152957641121622,8.728173239863974,268.1589623216674,41.99958688160434
PNOA_area_LiDAR_508000_4179000_512000_4183000_07_06,7,6,510400.0,4181533.0,510184.0,4181422.0,510616.0,4181644.0,9.5904,7.0333,73.33687854521187,867,867,867,12.627034778550971,8.26755523354649,427.31280874191276,60.75566359204254,724,724,724,12.732408962197066,8.345442100435017,367.1456235063618,52.20104694899433,616,616,616,12.838727087169499,8.434815729415734,322.1565227566793,45.80446202446637,549,549,549,12.903060141808348,8.468176089251333,290.72613368026873,41.3356651472664
PNOA_area_LiDAR_508000_4179000_512000_4183000_07_07,7,7,510832.0,4181533.0,510616.0,4181422.0,511048.0,4181644.0,9.5904,4.1743,43.52581748415081,616,592,592,9.751100976724882,8.634002136855125,204.81324238595423,49.06529056032251,502,487,487,9.784614477803819,8.72680175429501,172.4811162923999,41.31977009136859,431,420,420,9.946078185240427,8.844447666599144,155.35690410967067,37.217474572903406,366,359,359,9.944984776063881,8.909994168570218,133.69280771684882,32.027599290144174
PNOA_area_LiDAR_508000_4179000_512000_4183000_07_08,7,8,511264.0,4181533.0,511048.0,4181422.0,511480.0,4181644.0,9.5904,1.2572,13.108942275608943,384,271,271,3.938421054959737,9.141585859839434,21.694407492112802,17.256130680967864,312,226,226,4.007434717321818,9.21783131197933,18.75753675355406,14.920089686250444,260,188,188,4.038425970584788,9.395788426801413,16.437356680346863,13.074575787740105,209,159,159,4.022697003382556,9.512318681546716,14.121741109104754,11.232692578034325
PNOA_area_LiDAR_508000_4179000_512000_4183000_07_09,7,9,511696.0,4181533.0,511480.0,4181422.0,511912.0,4181644.0,9.5904,0.1946,2.0291124457791123,209,94,94,3.198096359029729,8.580079009908687,4.547807738028051,23.370029486269534,174,87,87,3.22741629885531,8.685216936334749,4.369634095963066,22.45444036979993,148,76,76,3.262952876718421,8.82630902558165,4.003699755303371,20.573996687067684,125,68,68,3.3217662257306717,8.838003172134986,3.736649819253467,19.20169485741761
PNOA_area_LiDAR_508000_4179000_512000_4183000_07_10,7,10,511956.0,4181533.0,511912.0,4181422.0,512000.0,4181644.0,1.9536,0.1362,6.97174447174447,206,110,110,2.8164580236781727,6.090608470686295,2.83454077841033,20.811606302572176,199,108,108,2.7964288857248096,6.102963841039388,2.7810686331922763,20.419006117417595,196,105,105,2.780549149286179,6.118575549464737,2.7157934990458137,19.93974668902947,193,103,103,2.7811246196043142,6.147308188575623,2.6926891271559903,19.770111065756172
PNOA_area_LiDAR_508000_4179000_512000_4183000_08_01,8,1,508228.0,4181311.0,508000.0,4181200.0,508456.0,4181422.0,10.1232,0.0,0.0,714,0,0,,,0.0,,640,0,0,,,0.0,,573,0,0,,,0.0,,516,0,0,,,0.0,
PNOA_area_LiDAR_508000_4179000_512000_4183000_08_02,8,2,508672.0,4181311.0,508456.0,4181200.0,508888.0,4181422.0,9.5904,0.0,0.0,165,0,0,,,0.0,,136,0,0,,,0.0,,118,0,0,,,0.0,,102,0,0,,,0.0,
PNOA_area_LiDAR_508000_4179000_512000_4183000_08_03,8,3,509104.0,4181311.0,508888.0,4181200.0,509320.0,4181422.0,9.5904,0.0,0.0,3,0,0,,,0.0,,2,0,0,,,0.0,,1,0,0,,,0.0,,0,0,0,,,0.0,
PNOA_area_LiDAR_508000_4179000_512000_4183000_08_04,8,4,509536.0,4181311.0,509320.0,4181200.0,509752.0,4181422.0,9.5904,3.7586,39.191274607941274,355,355,352,12.181633852569151,9.002002077267315,199.92323841519715,53.19087916117628,293,293,291,12.218617994223845,9.204271856218737,171.1598321224554,45.5381876556312,252,252,251,12.48881088930463,9.251470534702765,154.18766219384327,41.02263135046115,219,219,218,12.398262364679276,9.280610512651727,133.38130998476117,35.48696588750098
PNOA_area_LiDAR_508000_4179000_512000_4183000_08_05,8,5,509968.0,4181311.0,509752.0,4181200.0,510184.0,4181422.0,9.5904,7.424,77.41074407741074,822,822,822,11.663493886771283,8.16930325433432,346.63455775682047,46.69107728405448,654,654,654,11.756570061412427,8.273813265050663,284.575312562214,38.3318039550396,543,543,543,11.897159687941466,8.422226993052677,247.25492883894717,33.304812613004735,476,476,476,11.949947162836539,8.482003106314822,220.99286426416688,29.767357794203512
PNOA_area_LiDAR_508000_4179000_512000_4183000_08_06,8,6,510400.0,4181311.0,510184.0,4181200.0,510616.0,4181422.0,9.5904,7.3267,76.39618785452117,868,868,868,11.769547857172478,8.14058032275963,363.58524644203163,49.62469412450785,737,736,736,11.885016874774642,8.185982363041164,315.5540405811626,43.06905436023894,633,632,632,11.904256921025771,8.28754901363001,277.479380933173,37.87235466624442,535,535,535,12.028606790025657,8.333737333808383,240.8178721492783,32.868531828692085
PNOA_area_LiDAR_508000_4179000_512000_4183000_08_07,8,7,510832.0,4181311.0,510616.0,4181200.0,511048.0,4181422.0,9.5904,4.9376,51.48481815148481,613,605,605,9.518445001554884,8.354076983342877,187.95716179459387,38.06650230771911,497,489,489,9.572813974567717,8.41278590305636,154.92410492407453,31.376398437312567,420,413,413,9.644594689547006,8.5595023875602,136.866705976027,27.719277781923807,355,348,348,9.69208887664751,8.650570833632923,118.79710061255899,24.059684991202
PNOA_area_LiDAR_508000_4179000_512000_4183000_08_08,8,8,511264.0,4181311.0,511048.0,4181200.0,511480.0,4181422.0,9.5904,0.2883,3.006131131131131,150,74,74,5.7798222561140316,9.105945856297545,13.4088624931122,46.510102300077,114,61,61,6.0393609492505185,9.270734297832007,12.081660099457704,41.906556016155754,95,50,50,6.231571383476258,9.435084265422907,10.568624114776505,36.658425649588985,81,46,46,6.285716155300969,9.434654796162308,9.443992835234292,32.75751937299442
PNOA_area_LiDAR_508000_4179000_512000_4183000_08_09,8,9,511696.0,4181311.0,511480.0,4181200.0,511912.0,4181422.0,9.5904,0.1688,1.7600934267600934,166,77,77,3.2055390593293427,8.197800385903259,3.379259615719972,20.019310519668082,122,64,64,3.328211974352598,8.25827369253041,3.050411522380374,18.071158307940603,101,57,57,3.398912396347314,8.108436267488068,2.7945412195745982,16.5553389785225,81,48,48,3.460044731696447,8.066712314638924,2.468755115579465,14.625326514096356
PNOA_area_LiDAR_508000_4179000_512000_4183000_08_10,8,10,511956.0,4181311.0,511912.0,4181200.0,512000.0,4181422.0,1.9536,0.0666,3.4090909090909096,43,28,28,4.96139656645911,7.078496895841539,3.510410333157115,52.708863861217935,38,26,26,5.166202013309185,7.0261890188165115,3.4725306342520934,52.14009961339479,30,21,21,4.703306640897479,6.79199146090925,2.3087817651436473,34.66639287002473,26,20,20,4.388002002239228,6.4535197223349,1.4417264665017424,21.647544542068204
PNOA_area_LiDAR_508000_4179000_512000_4183000_09_01,9,1,508228.0,4181089.0,508000.0,4180978.0,508456.0,4181200.0,10.1232,0.3935,3.887110795005532,759,98,98,10.74499879807842,8.40331694063092,42.180885876360854,107.19411912671119,654,86,86,10.876471926999647,8.449833916084184,37.90532970428127,96.32866506805914,603,80,80,10.951632672548294,8.482809993090871,36.159265967183565,91.89140017073332,558,76,76,10.963081623378553,8.449258423301895,33.94637074291529,86.26777825391433
PNOA_area_LiDAR_508000_4179000_512000_4183000_09_02,9,2,508672.0,4181089.0,508456.0,4180978.0,508888.0,4181200.0,9.5904,0.1739,1.8132716049382713,181,38,38,10.34534039622859,10.178073157824691,19.79466600872022,113.82786664013928,152,32,32,10.180070362985134,10.344395114826803,16.398431711024397,94.29805469249222,131,29,29,10.445029916434452,10.546489420261807,15.6390290252378,89.93116173224728,115,24,24,10.706012785434723,10.519040842577056,13.793306703466202,79.31746235460726
PNOA_area_LiDAR_508000_4179000_512000_4183000_09_03,9,3,509104.0,4181089.0,508888.0,4180978.0,509320.0,4181200.0,9.5904,0.1556,1.6224557891224556,7,7,7,9.225264617374965,11.576555140069686,3.5579112600034355,22.865753598993802,6,6,6,9.504412333170572,11.636690288015693,3.243701559380915,20.846411050005884,5,5,5,8.85766544342041,12.340388416445572,2.7944015834833507,17.958879071229763,3,3,3,9.05866813659668,11.495499415599973,1.4416069613257656,9.264826229600036
PNOA_area_LiDAR_508000_4179000_512000_4183000_09_04,9,4,509536.0,4181089.0,509320.0,4180978.0,509752.0,4181200.0,9.5904,4.8253,50.31385552218885,517,515,515,11.00205671208576,8.961510861060336,253.76509584019877,52.59053236901307,434,432,432,11.092618983652857,8.995171076308267,216.17624525328807,44.80058136349824,384,382,382,11.154323841264734,8.995007479227786,193.63872889871828,40.129883924049956,341,340,340,11.154286302538479,9.073737194637623,175.7886458937581,36.43061486203098
PNOA_area_LiDAR_508000_4179000_512000_4183000_09_05,9,5,509968.0,4181089.0,509752.0,4180978.0,510184.0,4181200.0,9.5904,7.5303,78.51914414414415,910,909,909,11.991604280681631,7.92538673081016,381.2152473919491,50.62417797324795,753,752,752,12.020480802084537,8.009273514520565,322.67829832794956,42.850656458301735,651,650,650,12.016222242942224,8.100432249648291,283.9788995199617,37.71149881411918,575,574,574,12.026201332072347,8.109869535753917,251.04756877425731,33.338322347616604
PNOA_area_LiDAR_508000_4179000_512000_4183000_09_06,9,6,510400.0,4181089.0,510184.0,4180978.0,510616.0,4181200.0,9.5904,6.9667,72.64243410076743,849,847,847,11.780058443053695,7.994249946135451,346.8634147013658,49.78876867115934,695,694,694,11.854786119131258,8.032575730951947,289.7524827084597,41.59106646022646,585,584,584,11.983847720982277,8.135054269851759,252.80682748435115,36.28788773513301,532,532,532,12.004382812887206,8.188626339658434,233.5316741847658,33.52113255698764
PNOA_area_LiDAR_508000_4179000_512000_4183000_09_07,9,7,510832.0,4181089.0,510616.0,4180978.0,511048.0,4181200.0,9.5904,5.0515,52.67246413079746,658,632,632,9.525171973282777,8.312580546896095,189.93093063696168,37.598917279414366,534,515,515,9.553167593594894,8.443334293898591,159.45972363674156,31.56680661917085,449,434,434,9.662345696704179,8.563241459018545,139.13543311132713,27.543389708270244,390,377,377,9.65455748484685,8.600893124223237,122.1787451202336,24.186626768332893
PNOA_area_LiDAR_508000_4179000_512000_4183000_09_08,9,8,511264.0,4181089.0,511048.0,4180978.0,511480.0,4181200.0,9.5904,1.4726,15.354938271604937,420,298,298,7.647493422431434,9.272697925122863,80.31741683454742,54.541231043424844,351,259,259,7.737902126717291,9.439800452427725,72.6438055121167,49.3303038925144,284,216,216,7.7047849021576065,9.539496658427606,61.27200895512661,41.60804628217208,239,184,184,7.771676702343899,9.613336043015847,53.761762558845895,36.50805552006376
PNOA_area_LiDAR_508000_4179000_512000_4183000_09_09,9,9,511696.0,4181089.0,511480.0,4180978.0,511912.0,4181200.0,9.5904,0.253,2.6380547213880545,210,87,86,3.799578225475618,7.9560404927994055,5.828842375383787,23.038902669501134,178,77,76,3.831172162836248,7.936868928814787,5.199860701236268,20.552809095795528,156,71,70,3.892489584398941,7.991708576317871,4.980564597333603,19.686026076417402,130,61,60,3.9822040542227324,7.876377690734606,4.352226809367866,17.20247750738287
PNOA_area_LiDAR_508000_4179000_512000_4183000_09_10,9,10,511956.0,4181089.0,511912.0,4180978.0,512000.0,4181200.0,1.9536,0.1268,6.49058149058149,119,60,60,3.647009027004242,6.342145470602352,2.678350717578987,21.122639728540907,101,49,49,3.7564420116191006,6.357048789602566,2.335506323921199,18.418819589283903,89,46,46,3.731487108313519,6.345874661371324,2.1008722105333426,16.56839282755002,77,42,42,3.804069303330921,6.487552046462648,2.010592127183137,15.856404788510543
PNOA_area_LiDAR_508000_4179000_512000_4183000_10_01,10,1,508228.0,4180867.0,508000.0,4180756.0,508456.0,4180978.0,10.1232,2.4976,24.67204046151414,396,389,389,11.068530164831401,8.852796581691761,185.79323945125955,74.38870894108727,341,334,334,11.226463392823042,8.921705654378412,163.96158093457626,65.64765412178743,306,303,303,11.260812353379656,8.997223570052295,152.0281633562592,60.869700254748246,280,277,277,11.2749735620478,9.038812266931423,139.1706594739269,55.7217566759797
PNOA_area_LiDAR_508000_4179000_512000_4183000_10_02,10,2,508672.0,4180867.0,508456.0,4180756.0,508888.0,4180978.0,9.5904,1.9816,20.662328995662328,225,221,221,10.87841454997861,8.694015794595998,97.48085492081319,49.19300308882377,192,190,190,10.912423795147946,8.772076331184891,85.24286046983143,43.017188367900395,169,168,168,10.85663215745063,8.784432240541351,75.24885014469605,37.97378388408158,156,155,155,10.945910150774063,8.854921791641734,71.37876953720053,36.020775906944145
PNOA_area_LiDAR_508000_4179000_512000_4183000_10_03,10,3,509104.0,4180867.0,508888.0,4180756.0,509320.0,4180978.0,9.5904,1.7991,18.759384384384383,190,184,184,9.135641923417216,8.690132843845811,60.10859341351139,33.41036819160213,153,149,149,8.992355458688415,8.778335442681078,47.2885682866496,26.284569110471683,126,123,123,8.905819195072825,8.940995969812715,40.25835651741669,22.37694209183297,108,107,107,9.051272757699557,9.059424322228967,36.745973202947525,20.424641878132135
PNOA_area_LiDAR_508000_4179000_512000_4183000_10_04,10,4,509536.0,4180867.0,509320.0,4180756.0,509752.0,4180978.0,9.5904,7.8277,81.62016182849516,724,722,722,10.425566267108653,8.197655474937452,247.31298813141055,31.59459204254258,561,560,560,10.424818350161825,8.32370723241858,196.7308746455175,25.132653863269862,470,469,469,10.473301925638845,8.424366932928676,169.902658944529,21.705310492804912,398,398,398,10.565035248521584,8.482500585147063,147.8713873212682,18.890783668417058
PNOA_area_LiDAR_508000_4179000_512000_4183000_10_05,10,5,509968.0,4180867.0,509752.0,4180756.0,510184.0,4180978.0,9.5904,8.1574,85.05797464130798,976,976,976,10.943870846853882,7.624393716366525,315.89206484856516,38.7246015701774,821,821,821,10.973617843530356,7.703353785770704,271.4157847205227,33.2723398044135,692,692,692,10.990718461874593,7.808646489441914,234.82973396976655,28.787326105102917,609,609,609,11.024380870249079,7.865413362807547,210.29337824817438,25.77946137840174
PNOA_area_LiDAR_508000_4179000_512000_4183000_10_06,10,6,510400.0,4180867.0,510184.0,4180756.0,510616.0,4180978.0,9.5904,7.4737,77.92897063730396,875,875,875,11.242118208203998,8.015584208879543,329.6177891887324,44.103695517445495,728,728,728,11.28780448436737,8.12102778703203,281.6522781672778,37.68578858761762,639,639,639,11.318982774289747,8.183382698552759,251.14529276200076,33.60387662897905,561,561,561,11.32622511841609,8.247562919152028,223.85895864766803,29.952895974907747
PNOA_area_LiDAR_508000_4179000_512000_4183000_10_07,10,7,510832.0,4180867.0,510616.0,4180756.0,511048.0,4180978.0,9.5904,2.5804,26.906072739406074,497,400,400,6.36866614818573,8.770361472171205,74.54714236142192,28.889762192459276,425,339,339,6.346081195679386,8.838619592893249,63.793276315149335,24.722243185222965,358,283,283,6.376208376126239,8.79017326710812,53.583072387749,20.765413264512866,312,243,243,6.365190730663975,8.89651089280233,47.01085643187034,18.218437618923552
PNOA_area_LiDAR_508000_4179000_512000_4183000_10_08,10,8,511264.0,4180867.0,511048.0,4180756.0,511480.0,4180978.0,9.5904,2.0417,21.288997330663996,500,421,421,7.442190956899503,8.948015454972593,107.4487569974645,52.62710339298844,435,373,373,7.364685245876977,9.004884716491063,95.04405726352452,46.55143128937871,376,326,326,7.3328122624590355,9.013256581829397,83.87302764669485,41.07999590865203,338,297,297,7.323663740447073,9.035822818255431,77.19831680926855,37.81080315877384
PNOA_area_LiDAR_508000_4179000_512000_4183000_10_09,10,9,511696.0,4180867.0,511480.0,4180756.0,511912.0,4180978.0,9.5904,0.7108,7.411578244911578,376,224,222,4.550470106303692,8.387145771199451,22.050239303090365,31.021721022918353,318,196,194,4.500210816762885,8.406112234360332,18.629256842648445,26.208858810704058,276,176,175,4.441518360918218,8.511932886759093,17.013609520408615,23.935860326967664,243,155,154,4.512238760917417,8.600396757327594,15.494456887306447,21.798616892665233
PNOA_area_LiDAR_508000_4179000_512000_4183000_10_10,10,10,511956.0,4180867.0,511912.0,4180756.0,512000.0,4180978.0,1.9536,0.1749,8.952702702702704,159,87,87,5.0670731478723985,6.723940199130531,8.430346305918475,48.20095086288436,149,80,80,4.964922106266021,6.793198625245785,7.8389150750018874,44.81941152087986,138,75,75,4.954916013081869,6.884863341771875,7.405667553760722,42.342295904864045,130,69,69,4.920199891795283,6.709112612136938,6.613044792019317,37.81043334487889
PNOA_area_LiDAR_508000_4179000_512000_4183000_11_01,11,1,508228.0,4180645.0,508000.0,4180534.0,508456.0,4180756.0,10.1232,3.5463,35.031412991939305,457,457,454,12.451942251339,8.658641082564424,236.7138799816578,66.74953613108248,378,378,376,12.593339578815238,8.7486901214187,202.046159978743,56.97379239735584,314,313,312,12.606317358656813,8.76156816626988,167.90164505134695,47.345584144417266,274,273,272,12.734107022757058,8.764051617203384,148.76731641345935,41.95000885809417
PNOA_area_LiDAR_508000_4179000_512000_4183000_11_02,11,2,508672.0,4180645.0,508456.0,4180534.0,508888.0,4180756.0,9.5904,1.1522,12.014097430764096,159,154,154,10.01405192660047,9.37516546406707,67.67031810260544,58.7313991517145,139,136,136,9.94399525663432,9.411967151817187,59.42474880404222,51.57502933869313,121,118,118,10.006784105705002,9.435076288065359,52.12645854824099,45.24080762735723,103,102,102,9.889954616041745,9.40578613643927,43.75098035646233,37.971689252267254
PNOA_area_LiDAR_508000_4179000_512000_4183000_11_03,11,3,509104.0,4180645.0,508888.0,4180534.0,509320.0,4180756.0,9.5904,2.4891,25.95407907907908,171,169,169,9.561251439991787,9.03593450078643,60.097658768441065,24.14433279837735,136,135,135,9.527135333308467,9.088456543974266,47.69547329662596,19.16173448098749,105,104,104,9.739259958267212,8.998659882111259,37.696481799936294,15.14462327746426,76,76,76,9.344895205999675,8.858399135313842,24.950259546811242,10.023807619947467
PNOA_area_LiDAR_508000_4179000_512000_4183000_11_04,11,4,509536.0,4180645.0,509320.0,4180534.0,509752.0,4180756.0,9.5904,5.5315,57.677469135802475,717,709,709,10.491099362985372,8.325009363570762,262.87579965576833,47.52342034814577,579,574,574,10.393661236513783,8.378577555428299,213.00967566669232,38.508483352922774,492,488,488,10.388753024281048,8.492943433819397,186.05529539210923,33.635595298220956,437,434,434,10.433433283309233,8.565129188044756,168.81062769707424,30.518056168683763
PNOA_area_LiDAR_508000_4179000_512000_4183000_11_05,11,5,509968.0,4180645.0,509752.0,4180534.0,510184.0,4180756.0,9.5904,7.2971,76.08754587921254,912,912,912,11.987317901170044,7.90263251184206,373.2674120327786,51.15284318877069,765,765,765,12.057816106197881,7.981957498456573,321.7458871001682,44.0922951720777,660,660,660,12.13060055104169,8.040011731488173,282.8787919069054,38.76591959914286,590,590,590,12.17910555055586,8.039837973312647,254.24080796495159,34.84134902426328
PNOA_area_LiDAR_508000_4179000_512000_4183000_11_06,11,6,510400.0,4180645.0,510184.0,4180534.0,510616.0,4180756.0,9.5904,7.8941,82.31252085418751,880,880,880,11.731709218567067,8.178568027434432,365.74799717325277,46.33181707518942,730,730,730,11.783658404546241,8.268437141025164,310.3290977553553,39.3115235119083,622,622,622,11.839468784270945,8.348052232269527,270.5385490220754,34.2709807352422,546,546,546,11.838205431843852,8.424229194988522,241.52440344283966,30.595559144530682
PNOA_area_LiDAR_508000_4179000_512000_4183000_11_07,11,7,510832.0,4180645.0,510616.0,4180534.0,511048.0,4180756.0,9.5904,2.8246,29.452369035702368,494,420,420,9.097233277843111,9.013449469906814,146.97796580746726,52.03496629875637,409,354,354,9.052292638579331,9.112508748124629,127.35283052832385,45.08703197915593,360,311,311,9.153544621452259,9.19658714957011,115.08850232576405,40.745062071006174,312,278,278,9.180179631967338,9.254517434157064,105.74537356458895,37.43729149776568
PNOA_area_LiDAR_508000_4179000_512000_4183000_11_08,11,8,511264.0,4180645.0,511048.0,4180534.0,511480.0,4180756.0,9.5904,2.1474,22.39114114114114,561,450,450,6.997650208473206,9.24921505347136,111.67129203683994,52.00302320799103,476,382,382,6.923275108736847,9.242243518209312,93.59825729933,43.58678276023563,413,333,333,6.825431235201724,9.157243661270439,78.73016414110022,36.66301766838978,373,301,301,6.781792007015393,9.174538207059115,71.05870367659158,33.090576360525084
PNOA_area_LiDAR_508000_4179000_512000_4183000_11_09,11,9,511696.0,4180645.0,511480.0,4180534.0,511912.0,4180756.0,9.5904,0.465,4.848598598598598,452,258,258,3.1938976659331213,7.506606017550712,13.243276790102621,28.480165140005635,406,236,236,3.2073579137608155,7.4381032757364505,12.108194592560295,26.039128156043645,369,215,215,3.212298525211423,7.396480093037442,11.058490278461411,23.781699523572925,339,199,199,3.205808244158874,7.4299159693300725,10.306367651525745,22.164231508657515
PNOA_area_LiDAR_508000_4179000_512000_4183000_11_10,11,10,511956.0,4180645.0,511912.0,4180534.0,512000.0,4180756.0,1.9536,0.0722,3.6957411957411956,250,59,59,3.5953650353318554,6.109395316544156,3.140916644988458,43.50300062310884,243,56,56,3.5941837642874037,6.055982153186878,2.9512166360795047,40.87557667700145,235,54,54,3.647563091030827,6.111132251403351,2.937955917559799,40.69191021550968,227,51,51,3.4946856171477076,5.973933447234831,2.3707111092322206,32.83533392288394
PNOA_area_LiDAR_508000_4179000_512000_4183000_12_01,12,1,508228.0,4180423.0,508000.0,4180312.0,508456.0,4180534.0,10.1232,4.5612,45.05689900426743,776,776,776,11.900219138750096,8.336271982770327,367.43397860292976,80.556427826653,652,651,651,11.890230067863993,8.417628196803818,312.7972851264478,68.57784905867923,554,553,553,11.93892539302005,8.503019563017508,269.8663402616717,59.165645063069306,491,490,490,12.021153350752227,8.568879620659752,245.1909358548222,53.75579581137029
PNOA_area_LiDAR_508000_4179000_512000_4183000_12_02,12,2,508672.0,4180423.0,508456.0,4180312.0,508888.0,4180534.0,9.5904,2.4476,25.521354688021354,366,363,363,10.434569532221014,9.227003439706507,166.0662099711322,67.84859044416253,311,309,309,10.437240697033582,9.337217587357564,143.19388166143864,58.50379214799748,278,277,277,10.38106325387094,9.379428140115227,128.42176139108886,52.46844312432132,244,243,243,10.191080946000024,9.388435060845906,108.8580960155258,44.47544370629425
PNOA_area_LiDAR_508000_4179000_512000_4183000_12_03,12,3,509104.0,4180423.0,508888.0,4180312.0,509320.0,4180534.0,9.5904,0.8858,9.23631965298632,208,190,190,6.064935611423693,8.672678719264182,33.44884102364093,37.76116620415549,177,164,164,6.0555433500103835,8.70736903050836,27.75782159518008,31.336443435516006,155,147,147,5.907987315638536,8.699709042030833,23.706568084430888,26.762890138215045,142,135,135,5.913383084756357,8.740352299256443,22.21921332847429,25.083781133974135
PNOA_area_LiDAR_508000_4179000_512000_4183000_12_04,12,4,509536.0,4180423.0,509320.0,4180312.0,509752.0,4180534.0,9.5904,5.9896,62.454120787454116,782,778,778,10.667154573229714,8.338710621387449,289.54922024591883,48.34199616767711,631,629,629,10.726116175871395,8.437795574656803,238.84446920248843,39.87653085389482,541,539,539,10.780153763316337,8.514934296162819,208.89604124790353,34.87645940428468,465,463,463,10.894561990033473,8.584962142561249,184.7788249889386,30.84994406787408
PNOA_area_LiDAR_508000_4179000_512000_4183000_12_05,12,5,509968.0,4180423.0,509752.0,4180312.0,510184.0,4180534.0,9.5904,6.7287,70.16078578578579,977,977,977,13.093782668714026,7.728040754808461,446.51248727746463,66.35939888499482,823,823,823,13.169722059952097,7.773354098134265,382.94965534054893,56.91287400843386,733,733,733,13.268231836542752,7.8519966478495435,349.73388678456877,51.97644222280214,667,667,667,13.304396056699968,7.89411970825933,322.61344423419234,47.94588021968469
PNOA_area_LiDAR_508000_4179000_512000_4183000_12_06,12,6,510400.0,4180423.0,510184.0,4180312.0,510616.0,4180534.0,9.5904,8.3911,87.49478645311977,826,826,826,11.881888581823207,8.086309976959035,342.57893439498065,40.82646308529045,651,651,651,11.936735635162682,8.231136057157675,280.07196102955237,33.37726412860678,527,527,527,12.048133366021982,8.28014350565924,231.78515803341517,27.62273814320115,430,430,430,12.13626694346583,8.315862023286975,191.6092378277006,22.834817583832944
PNOA_area_LiDAR_508000_4179000_512000_4183000_12_07,12,7,510832.0,4180423.0,510616.0,4180312.0,511048.0,4180534.0,9.5904,4.7534,49.56414748081415,520,497,497,9.857168423577813,8.658511966519015,174.78084390859038,36.76964781179585,431,410,410,9.84358152238334,8.826053211475203,148.78391637061804,31.300525175793755,356,339,339,9.847166644436772,8.98200455669372,126.0673151290052,26.521503582489416,305,291,291,9.831488379088464,9.111555084221367,111.00921589381632,23.353644947577802
PNOA_area_LiDAR_508000_4179000_512000_4183000_12_08,12,8,511264.0,4180423.0,511048.0,4180312.0,511480.0,4180534.0,9.5904,1.8399,19.184809809809806,526,362,362,6.80580163792352,9.108358590499837,81.72333921875801,44.41727225325181,454,309,309,6.7495709229441525,9.168715233035828,69.93722858195981,38.01142919830415,417,284,284,6.730515328931137,9.200986851327214,64.4194373443387,35.01246662554416,375,258,258,6.744619088579518,9.308539061301467,59.955059836922715,32.58604263107925
PNOA_area_LiDAR_508000_4179000_512000_4183000_12_09,12,9,511696.0,4180423.0,511480.0,4180312.0,511912.0,4180534.0,9.5904,1.2471,13.003628628628627,352,216,215,5.650399610952094,9.00766828697124,41.852463080076866,33.55982926796317,321,195,194,5.589611030236268,8.97461854639737,36.99417320504136,29.664159413873275,287,170,169,5.4170893795350015,9.00498555110075,31.48478985384072,25.246403539283712,269,158,157,5.461477397363397,9.025714142598128,29.3274972145513,23.51655618198324
PNOA_area_LiDAR_508000_4179000_512000_4183000_12_10,12,10,511956.0,4180423.0,511912.0,4180312.0,512000.0,4180534.0,1.9536,0.0162,0.8292383292383292,172,54,54,2.255792335227684,4.964977193171321,0.46891878321941766,28.94560390243319,161,52,52,2.2578732875677257,4.921205085029678,0.44522969127145956,27.483314276016024,152,52,52,2.2578732875677257,4.921205085029678,0.44522969127145956,27.483314276016024,138,48,48,2.2616393913825354,4.872220608673775,0.4057371404267552,25.045502495478715
PNOA_area_LiDAR_508000_4179000_512000_4183000_13_01,13,1,508228.0,4180201.0,508000.0,4180090.0,508456.0,4180312.0,10.1232,4.4101,43.56428797218271,784,783,783,12.807218401520341,8.144798873778296,394.98983034541766,89.56482400521931,665,664,664,12.8529737656375,8.191772072077008,338.883767164166,76.84264918350287,574,574,574,12.90971629171006,8.227992288404996,295.3018653059345,66.96035584361681,510,510,510,12.98598667827307,8.326507377073243,269.58829471558346,61.129746426517194
PNOA_area_LiDAR_508000_4179000_512000_4183000_13_02,13,2,508672.0,4180201.0,508456.0,4180090.0,508888.0,4180312.0,9.5904,3.5703,37.22785285285285,367,367,367,13.269101771087023,8.570096408414923,210.70443318671903,59.01589031362043,308,308,308,13.325861649853843,8.63470380187077,180.40813582497324,50.530245588598504,276,276,276,13.415075428243997,8.698549973233192,165.36311145301113,46.31630715990565,250,250,250,13.47856907081604,8.763115223251715,152.67823777846579,42.76341981863311
PNOA_area_LiDAR_508000_4179000_512000_4183000_13_03,13,3,509104.0,4180201.0,508888.0,4180090.0,509320.0,4180312.0,9.5904,3.3476,34.90573907240574,456,441,441,10.236881223665614,8.277885921231041,170.35598420938797,50.88899038397299,385,374,374,10.176037550610017,8.398873352550556,147.48335836931963,44.05644592224866,335,326,326,10.127618178268152,8.431761242931291,128.66310896881166,38.4344333160508,295,289,289,10.050714575295629,8.5251116239747,115.39682900070773,34.47151063469582
PNOA_area_LiDAR_508000_4179000_512000_4183000_13_04,13,4,509536.0,4180201.0,509320.0,4180090.0,509752.0,4180312.0,9.5904,4.1195,42.95441274607941,652,641,641,10.369497880920791,8.270142661663575,231.61089776055528,56.22306050747791,544,537,537,10.307759704980548,8.321042442710386,194.37460826138258,47.184029193198825,461,454,454,10.360644672935754,8.431927912093382,169.00362518222704,41.025276169978646,391,385,385,10.365059418492503,8.494975940117596,145.09369535101848,35.2211907636894
PNOA_area_LiDAR_508000_4179000_512000_4183000_13_05,13,5,509968.0,4180201.0,509752.0,4180090.0,510184.0,4180312.0,9.5904,6.6246,69.07532532532532,938,936,936,12.195128498933254,7.809185232957715,386.6010071478693,58.35839252903863,769,767,767,12.291015597023895,7.848920942031473,322.68060857286264,48.70944790219223,662,661,661,12.345140874115314,7.915808449858719,284.5461735027677,42.95295919795425,576,575,575,12.412425689697265,8.003549578505417,253.32349658803219,38.239817738132444
PNOA_area_LiDAR_508000_4179000_512000_4183000_13_06,13,6,510400.0,4180201.0,510184.0,4180090.0,510616.0,4180312.0,9.5904,8.0482,83.91933600266933,910,910,910,12.484395657528887,8.16576093350762,421.84858369614125,52.41527095451669,742,742,742,12.549275781909088,8.214059293488818,349.1807126118855,43.386187298015145,633,633,633,12.602835125644436,8.317790433897336,305.76740030022876,37.992023098360974,541,541,541,12.66347021448414,8.376026816829627,265.5153391046461,32.99064872948561
PNOA_area_LiDAR_508000_4179000_512000_4183000_13_07,13,7,510832.0,4180201.0,510616.0,4180090.0,511048.0,4180312.0,9.5904,4.796,50.00834167500834,535,514,514,10.29674080420097,8.283162877511984,176.1051538624691,36.719173032207905,449,434,434,10.265025053156137,8.374865164358125,150.19855449006687,31.31746340493471,387,374,374,10.344752480002011,8.463869919155046,132.92380181685033,27.71555500768355,336,325,325,10.366738807238065,8.488985174386729,116.89517454880175,24.373472591493275
PNOA_area_LiDAR_508000_4179000_512000_4183000_13_08,13,8,511264.0,4180201.0,511048.0,4180090.0,511480.0,4180312.0,9.5904,1.5807,16.482107107107105,566,358,357,6.323967833092759,9.097043689698918,68.02368921420559,43.03390220421686,502,320,319,6.318525479733944,9.162143291628901,61.002694333784504,38.592202400066114,452,284,283,6.3374563715827295,9.133812989103198,53.917815610268114,34.11008768916816,406,255,254,6.274207667743458,9.10642127110285,47.569081519314935,30.093680976349045
PNOA_area_LiDAR_508000_4179000_512000_4183000_13_09,13,9,511696.0,4180201.0,511480.0,4180090.0,511912.0,4180312.0,9.5904,0.1388,1.4472806139472807,663,191,191,2.4870022266947163,5.733801636014759,3.5096746373696766,25.28584032687087,631,177,177,2.462423136005294,5.601497652142317,2.9092369633879813,20.95992048550419,595,169,169,2.4731368016914503,5.612899158650819,2.824964466037131,20.352769928221406,564,157,157,2.494453964719347,5.65455273629615,2.725732827770707,19.637844580480596
PNOA_area_LiDAR_508000_4179000_512000_4183000_13_10,13,10,511956.0,4180201.0,511912.0,4180090.0,512000.0,4180312.0,1.9536,0.0308,1.5765765765765767,215,50,50,2.3880449151992797,4.8598458133520746,0.5781151346626947,18.769971904632943,203,50,50,2.3880449151992797,4.8598458133520746,0.5781151346626947,18.769971904632943,191,48,48,2.389150485396385,4.893119205950611,0.5654293359711304,18.358095323738,181,47,47,2.3937760971962136,4.870389015945633,0.5545342643980309,18.0043592337023
PNOA_area_LiDAR_508000_4179000_512000_4183000_14_01,14,1,508228.0,4179979.0,508000.0,4179868.0,508456.0,4180090.0,10.1232,3.6498,36.053816974869605,527,525,525,12.35135385013762,8.247544356925788,250.68024703857637,68.6832832041691,428,427,427,12.514091291248938,8.252839727593988,207.9405206154544,56.973127463273165,369,369,369,12.596754921807182,8.318728941252122,183.32407574566759,50.22852642491851,327,327,327,12.638574969148781,8.339566683661841,164.321978612543,45.0221871369782
PNOA_area_LiDAR_508000_4179000_512000_4183000_14_02,14,2,508672.0,4179979.0,508456.0,4179868.0,508888.0,4180090.0,9.5904,2.0082,20.93968968968969,265,265,265,11.634881244515473,8.629228031879235,128.04430379355358,63.76073289191992,222,222,222,11.495204311233383,8.675747053985528,106.71239606024949,53.13833087354322,192,192,192,11.483097216735283,8.693947272122358,92.16583229891103,45.894747683951316,171,171,171,11.537902242258975,8.704128410288863,83.1127286778086,41.38667895518803
PNOA_area_LiDAR_508000_4179000_512000_4183000_14_03,14,3,509104.0,4179979.0,508888.0,4179868.0,509320.0,4180090.0,9.5904,4.901,51.10318651985318,582,580,580,11.062298796505763,8.36542745486938,238.10170909070655,48.58227077957694,473,472,472,11.241564126843112,8.484171570827735,202.7266606074799,41.36434617577635,399,398,398,11.346215263682993,8.49880776956455,173.31165743487276,35.362509168511075,352,351,351,11.406148413986902,8.597175547869515,156.59749856083965,31.95215232826763
PNOA_area_LiDAR_508000_4179000_512000_4183000_14_04,14,4,509536.0,4179979.0,509320.0,4179868.0,509752.0,4180090.0,9.5904,4.5327,47.26288788788789,655,650,650,9.207899351853591,7.992556441356864,174.73015223661244,38.54880142886413,540,536,536,9.231971608613854,8.092480837783004,147.83223257225035,32.61460775525632,464,460,460,9.327374929448833,8.197634988252045,131.72015621065685,29.059976660854865,404,402,402,9.38106222117125,8.290331467674687,117.05265710125718,25.824046837703175
PNOA_area_LiDAR_508000_4179000_512000_4183000_14_05,14,5,509968.0,4179979.0,509752.0,4179868.0,510184.0,4180090.0,9.5904,4.2372,44.181681681681674,616,607,607,10.466577796213317,8.205833390541224,221.8976605510806,52.36893716394804,526,521,521,10.629643423772361,8.266807522133721,197.1287692319487,46.52335722457017,454,453,453,10.670147875813196,8.341881954078152,174.97670719488153,41.29536184151835,404,403,403,10.71600235366348,8.377557546272737,157.16482225473354,37.09166955884394
PNOA_area_LiDAR_508000_4179000_512000_4183000_14_06,14,6,510400.0,4179979.0,510184.0,4179868.0,510616.0,4180090.0,9.5904,8.1426,84.90365365365365,793,793,793,11.323469043830304,7.8932109071308325,292.73414940697097,35.95094311484919,636,636,636,11.416848988278106,8.027947963937173,244.10132268104158,29.978302100194234,528,528,528,11.513269321033448,8.100174674887038,207.53009961692874,25.486957435822557,453,453,453,11.624908013585914,8.173513498836673,183.20187426751053,22.499186287857754
PNOA_area_LiDAR_508000_4179000_512000_4183000_14_07,14,7,510832.0,4179979.0,510616.0,4179868.0,511048.0,4180090.0,9.5904,2.548,26.568234901568232,459,355,355,8.167874569288442,8.870859229161677,96.48880339275641,37.86844717141146,378,297,297,8.172249250540428,9.034832850096898,83.2272149114172,32.66374211594082,321,257,257,8.117320834430739,9.135602839891973,73.0524342233225,28.670500087646197,283,229,229,7.871018700204042,9.186433029283874,63.03282961999829,24.73815919152209
PNOA_area_LiDAR_508000_4179000_512000_4183000_14_08,14,8,511264.0,4179979.0,511048.0,4179868.0,511480.0,4180090.0,9.5904,1.5521,16.18389222555889,471,356,356,5.692690611555335,9.210500739354057,59.058962189944914,38.05100327939238,415,314,314,5.6912747522827924,9.152620392188465,52.210154107245295,33.63839579102203,369,278,278,5.661958365131625,9.128435225272018,46.47627618489559,29.94412485335712,332,248,248,5.679664856003177,9.221464095078165,42.8498834766922,27.607682157523485
PNOA_area_LiDAR_508000_4179000_512000_4183000_14_09,14,9,511696.0,4179979.0,511480.0,4179868.0,511912.0,4180090.0,9.5904,0.2871,2.9936186186186187,562,364,364,2.615005372644781,5.90330692221687,8.151707992121919,28.39327060996837,498,332,332,2.576876459351505,5.845427933172867,7.029709006521379,24.485228166218665,451,302,302,2.5758281922498285,5.881349964021942,6.593523908294789,22.965948827219744,405,270,270,2.572835530175103,5.908512812831825,5.9165673722063215,20.608036824125115
PNOA_area_LiDAR_508000_4179000_512000_4183000_14_10,14,10,511956.0,4179979.0,511912.0,4179868.0,512000.0,4180090.0,1.9536,0.0965,4.939598689598689,177,61,61,3.5784341702695754,6.0723426370935805,3.8276000589120565,39.66424931515084,167,55,55,3.4143589063124224,5.997459503949435,2.946480217669368,30.533473758231793,159,55,55,3.4143589063124224,5.997459503949435,2.946480217669368,30.533473758231793,147,50,50,3.305219850540161,6.016162349226722,2.6712567471660362,27.681417069078094
PNOA_area_LiDAR_508000_4179000_512000_4183000_15_01,15,1,508228.0,4179757.0,508000.0,4179646.0,508456.0,4179868.0,10.1232,3.4542,34.12162162162162,508,502,502,11.896608538836597,8.066239040003246,224.45756589493786,64.98105665420006,412,408,408,11.86822010489071,8.098760412843893,181.88644687470833,52.65660554533852,366,363,363,11.947936688572907,8.149322056194753,164.58497544289426,47.64778398555215,332,330,330,12.167238266540297,8.216447643688449,155.25075484752122,44.94550253243044
PNOA_area_LiDAR_508000_4179000_512000_4183000_15_02,15,2,508672.0,4179757.0,508456.0,4179646.0,508888.0,4179868.0,9.5904,2.2108,23.052218885552218,220,219,218,10.056459836219544,9.107556465667164,90.02278593569602,40.71955216921297,175,175,175,9.819213778632028,9.078355152696805,68.65480859882291,31.054282883491457,147,147,147,9.852214665639968,9.190101146742526,59.45789033308333,26.894287286540315,129,129,129,10.048092293184856,9.191659431363531,53.47748642234044,24.18920138517299
PNOA_area_LiDAR_508000_4179000_512000_4183000_15_03,15,3,509104.0,4179757.0,508888.0,4179646.0,509320.0,4179868.0,9.5904,1.5957,16.638513513513512,448,424,423,5.046222089596514,8.667663379799523,55.96105904691983,35.06991229361398,392,371,370,4.876229856856107,8.693579645842082,46.23968387383205,28.97767993597296,363,347,346,4.875246937749021,8.735748339336485,43.230269899944986,27.091727705674618,332,317,316,4.858138260405147,8.730742276196782,39.382642262753386,24.68048020477119
PNOA_area_LiDAR_508000_4179000_512000_4183000_15_04,15,4,509536.0,4179757.0,509320.0,4179646.0,509752.0,4179868.0,9.5904,6.2122,64.77519185852519,601,596,596,8.304297922441624,8.683485630232836,156.27203189938518,25.15566657534934,502,497,497,8.283720369550064,8.711751891800995,131.11514205260556,21.106072253405486,417,412,412,8.313239432654335,8.80364611515285,112.11988223682604,18.048337503110982,355,349,349,8.330989475578155,8.871511698153581,96.17422393061096,15.481507989216535
PNOA_area_LiDAR_508000_4179000_512000_4183000_15_05,15,5,509968.0,4179757.0,509752.0,4179646.0,510184.0,4179868.0,9.5904,4.8965,51.05626459793125,614,592,592,8.661240234971046,8.535748310006584,166.0726375922142,33.91660116250673,514,497,497,8.736280782361865,8.650098313623559,145.56244854948213,29.727856336052717,447,430,430,8.662881244060605,8.71370147890882,125.00611697508208,25.529687935276645,392,380,380,8.659277312379134,8.709787558251953,110.9346415332322,22.655905551563812
PNOA_area_LiDAR_508000_4179000_512000_4183000_15_06,15,6,510400.0,4179757.0,510184.0,4179646.0,510616.0,4179868.0,9.5904,7.2548,75.64647981314648,678,678,678,9.90025049324936,8.148151469393145,214.5173754578631,29.56902677646015,551,551,551,10.055180592891741,8.274869824210015,183.60163658578784,25.307608284968275,480,480,480,10.171094173192978,8.351462024315108,165.72183138831508,22.843059958691498,409,409,409,10.254001823789041,8.40699453803323,145.35443173650899,20.03562217242501
PNOA_area_LiDAR_508000_4179000_512000_4183000_15_07,15,7,510832.0,4179757.0,510616.0,4179646.0,511048.0,4179868.0,9.5904,3.156,32.907907907907905,531,431,430,6.827561934973414,9.05416092138566,91.20956738739083,28.900369894610527,452,362,361,6.609207544537539,9.164887686594577,74.97981171795989,23.757861761077276,385,307,306,6.474680377140107,9.349132481099062,64.2135658013708,20.34650373934436,347,276,275,6.436649116053098,9.375162650942366,58.47765941079261,18.529042905827822
PNOA_area_LiDAR_508000_4179000_512000_4183000_15_08,15,8,511264.0,4179757.0,511048.0,4179646.0,511480.0,4179868.0,9.5904,0.9885,10.307182182182181,318,248,248,4.848263506927798,7.9544451355961705,33.046825852621126,33.43128563745182,289,224,224,4.7799975861396105,7.893817644589966,28.977234420306818,29.314349438853633,251,197,197,4.7492996520802455,7.94822621969558,25.50861422188699,25.80537604642083,231,182,182,4.746981514679207,8.001084508084956,23.757689768321157,24.034081707962727
PNOA_area_LiDAR_508000_4179000_512000_4183000_15_09,15,9,511696.0,4179757.0,511480.0,4179646.0,511912.0,4179868.0,9.5904,0.4004,4.175008341675008,529,251,250,3.0367327068906382,6.742421597333133,11.539459041852579,28.819827776854595,488,234,234,3.0648443994359074,6.810920638511092,11.106780500354935,27.73921203884849,461,222,222,3.064401599737975,6.847622898843426,10.541055875998856,26.32631337662052,423,205,205,3.0569894744128714,6.834133423505571,9.71686483412915,24.267894191131745
PNOA_area_LiDAR_508000_4179000_512000_4183000_15_10,15,10,511956.0,4179757.0,511912.0,4179646.0,512000.0,4179868.0,1.9536,0.099,5.0675675675675675,248,79,79,3.549065233785895,6.345640219304674,4.637376015101791,46.84218197072516,235,74,74,3.536729142472551,6.470017666880332,4.471877120457296,45.17047596421511,228,72,72,3.5096703436639576,6.484031719224443,4.365484146410712,44.09579945869406,214,68,68,3.4523396211511947,6.3933854277038,3.929419366575345,39.69110471288227
PNOA_area_LiDAR_508000_4179000_512000_4183000_16_01,16,1,508228.0,4179535.0,508000.0,4179424.0,508456.0,4179646.0,10.1232,5.3156,52.50908803540382,610,608,608,11.706941362666456,8.208973070877311,267.85012974459863,50.38944422917425,520,520,520,11.784877960957013,8.263966946562459,232.9647196279169,43.82660840317498,458,458,458,11.767140949136826,8.27202558964062,204.96003286102456,38.55821221706384,397,397,397,11.89607948259983,8.339321595662446,183.1889607770123,34.46251801809999
PNOA_area_LiDAR_508000_4179000_512000_4183000_16_02,16,2,508672.0,4179535.0,508456.0,4179424.0,508888.0,4179646.0,9.5904,1.5899,16.578036369703035,283,270,270,5.270496423156173,8.761729983381166,38.286472444583836,24.081056949860894,249,239,239,5.212927544964906,8.831297108053787,34.05848474619445,21.421777939615353,219,214,214,5.100964725574601,8.951341485534094,30.413179299563705,19.1289888040529,200,195,195,4.971417930798653,8.998720798608693,27.06505785527947,17.02311960203753
PNOA_area_LiDAR_508000_4179000_512000_4183000_16_03,16,3,509104.0,4179535.0,508888.0,4179424.0,509320.0,4179646.0,9.5904,2.1355,22.267058725392054,483,458,458,5.303492928175947,8.704197689492805,65.98407286444382,30.89865271104838,424,407,407,5.219518362743556,8.753515457615105,57.71608534243115,27.026965742182696,377,366,366,5.284455059004611,8.798443251816595,53.35725410049932,24.985836619292588,345,337,337,5.298191853022363,8.857818233084743,49.65427894443712,23.251828117273295
PNOA_area_LiDAR_508000_4179000_512000_4183000_16_04,16,4,509536.0,4179535.0,509320.0,4179424.0,509752.0,4179646.0,9.5904,2.3984,25.00834167500834,520,483,483,5.507647259635214,8.767112098093639,73.76439849227953,30.755669818328688,447,420,420,5.398866590999422,8.877652052567283,64.39987431304687,26.851181751603928,402,378,378,5.424145362995289,8.865760673879564,58.74782827849553,24.494591510380058,350,328,328,5.378986470583008,8.953600893506755,50.817809420300186,21.188212733614154
PNOA_area_LiDAR_508000_4179000_512000_4183000_16_05,16,5,509968.0,4179535.0,509752.0,4179424.0,510184.0,4179646.0,9.5904,3.1354,32.69310977644311,457,415,415,6.525155196706932,8.825951941644437,80.43303880597786,25.653198573061765,390,355,355,6.566785892298523,8.952443129564148,70.9404323117189,22.625640209134048,347,317,317,6.575358800707555,9.03517597870079,63.502791282716224,20.253489597090073,308,285,285,6.462818821689539,9.072320068558291,56.44707315752647,18.003148930766876
PNOA_area_LiDAR_508000_4179000_512000_4183000_16_06,16,6,510400.0,4179535.0,510184.0,4179424.0,510616.0,4179646.0,9.5904,4.1716,43.49766433099766,642,629,629,7.080861424035223,8.359832051317676,122.67117891327892,29.406265920337265,562,551,551,7.13349995033278,8.406583444355928,110.79101383258802,26.558398176380294,505,496,496,7.143601339670919,8.375274009859336,100.36551653200421,24.059237830090183,456,447,447,7.150094325110416,8.38039088575214,91.01520688002994,21.817817355458324
PNOA_area_LiDAR_508000_4179000_512000_4183000_16_07,16,7,510832.0,4179535.0,510616.0,4179424.0,511048.0,4179646.0,9.5904,0.8503,8.866157824491157,602,339,339,3.855616494265981,8.196584538897806,29.98522388597483,35.26428776428887,542,303,303,3.7653660349326556,8.243230652073795,26.768872720441514,31.48168025454724,485,272,272,3.6320073569522187,8.140514512360921,21.976081734066806,25.845092007605324,433,244,244,3.6359281520374487,8.060704000784979,19.52079022976604,22.957532905758015
PNOA_area_LiDAR_508000_4179000_512000_4183000_16_08,16,8,511264.0,4179535.0,511048.0,4179424.0,511480.0,4179646.0,9.5904,0.2717,2.833041374708041,571,292,291,2.4697997839483494,5.904840983948631,7.190332008663411,26.464232641381713,535,263,262,2.451505735346573,5.889748423210438,6.175181266975948,22.727939885815047,495,237,236,2.4652399121457513,5.893080627358428,5.8572321021395455,21.557718447329943,462,215,214,2.4422675831373346,5.847850975827806,4.33247562274383,15.945806487831543
PNOA_area_LiDAR_508000_4179000_512000_4183000_16_09,16,9,511696.0,4179535.0,511480.0,4179424.0,511912.0,4179646.0,9.5904,0.8704,9.075742409075742,544,248,248,4.937822733194597,7.861873121273855,39.56699555767115,45.45840482269204,498,225,225,4.753448497984144,7.789131465150635,32.86949973996038,37.76367157624125,461,207,207,4.660883145631799,7.731515192260141,28.779218850667892,33.064359892771016,418,189,189,4.506993480460354,7.588720750134655,24.6519073862185,28.322503890416478
PNOA_area_LiDAR_508000_4179000_512000_4183000_16_10,16,10,511956.0,4179535.0,511912.0,4179424.0,512000.0,4179646.0,1.9536,0.1461,7.478501228501229,212,109,109,3.7884361022109285,6.294495119636113,5.651224434639675,38.680523166596,204,107,107,3.752312085338842,6.305093326512069,5.527498061314781,37.833662295104595,199,105,105,3.7221409616016206,6.272108985830223,5.328608811836556,36.472339574514415,194,103,103,3.72534199594294,6.268489355182149,5.254506514486246,35.965136991692304
PNOA_area_LiDAR_508000_4179000_512000_4183000_17_01,17,1,508228.0,4179313.0,508000.0,4179202.0,508456.0,4179424.0,10.1232,5.3501,52.849889363047254,591,587,587,13.270238957169514,8.518296183059446,351.98042157108483,65.78950329359915,483,480,480,13.233229139943917,8.517491060542504,284.72379745873405,53.218406657582854,411,408,408,13.28747096716189,8.573927639401385,244.983348645613,45.79042422489542,358,355,355,13.368364542974552,8.68413456388243,219.35748569708784,41.000632828748586
PNOA_area_LiDAR_508000_4179000_512000_4183000_17_02,17,2,508672.0,4179313.0,508456.0,4179202.0,508888.0,4179424.0,9.5904,3.44,35.8692025358692,457,442,442,7.4329806043012105,8.862703883376323,123.37081967446308,35.86361037048346,368,358,358,7.150728239693455,8.812827322763404,90.53858332897904,26.319355618889258,323,315,315,7.067653141324482,8.930493070308376,79.72516828975263,23.175921014462975,285,278,278,6.868724797269423,8.971531451394137,68.77983805268677,19.994138968804293
PNOA_area_LiDAR_508000_4179000_512000_4183000_17_03,17,3,509104.0,4179313.0,508888.0,4179202.0,509320.0,4179424.0,9.5904,2.3521,24.525567233900567,462,424,424,6.809801516105544,8.883635266192268,95.34513943482476,40.536175942700034,386,360,360,6.781674873828888,8.97495790294688,83.31719299958591,35.422470558048516,334,317,317,6.720251257111221,9.017702985490802,73.28029152587612,31.155261904628254,293,281,281,6.506711925900279,8.980820884747283,61.29997603838351,26.061806912284133
PNOA_area_LiDAR_508000_4179000_512000_4183000_17_04,17,4,509536.0,4179313.0,509320.0,4179202.0,509752.0,4179424.0,9.5904,0.639,6.662912912912912,379,289,289,3.6306319154257594,8.403784912709037,19.562031461574612,30.61350776459251,339,260,260,3.680964725751143,8.404944041716,18.15412505452048,28.4102113529272,304,238,238,3.6633428465418456,8.48079577849731,16.79221160530544,26.278891401103973,275,217,217,3.6390269143240794,8.387941104165227,14.76375120267596,23.10446197601872
PNOA_area_LiDAR_508000_4179000_512000_4183000_17_05,17,5,509968.0,4179313.0,509752.0,4179202.0,510184.0,4179424.0,9.5904,0.8681,9.05176009342676,382,287,287,4.57241027695792,9.304115824041917,35.29204626801275,40.65435579773384,327,249,249,4.5323081121866,9.304394937701245,30.1243331179925,34.70145503742944,286,214,214,4.526909939596586,9.290421377929983,25.785194357494703,29.70302310505092,262,204,204,4.536016814848956,9.36202563956504,24.775891480332604,28.540365718618368
PNOA_area_LiDAR_508000_4179000_512000_4183000_17_06,17,6,510400.0,4179313.0,510184.0,4179202.0,510616.0,4179424.0,9.5904,1.1992,12.50417083750417,246,210,210,5.542365699722653,9.451023085780486,35.09622662311205,29.26636643021352,210,181,181,5.551135125081183,9.398734134724373,30.23823839664508,25.21534222535447,191,167,167,5.533871482232374,9.387882908384784,27.632364606836575,23.04233206040408,171,152,152,5.535868801568684,9.307459915971537,25.171668836936682,20.99038428697188
PNOA_area_LiDAR_508000_4179000_512000_4183000_17_07,17,7,510832.0,4179313.0,510616.0,4179202.0,511048.0,4179424.0,9.5904,1.4327,14.938897230563896,563,361,359,3.9813470893289242,8.200669893936844,36.864689374609924,25.730920202840736,489,305,305,3.782515782215556,8.070802810144693,28.965638209018273,20.217518118949027,442,276,276,3.6781195713126142,7.989309796534759,24.94530430685082,17.41139408588736,401,248,248,3.6567514384946516,7.9178845950179095,22.197385657087473,15.493394051153397
PNOA_area_LiDAR_508000_4179000_512000_4183000_17_08,17,8,511264.0,4179313.0,511048.0,4179202.0,511480.0,4179424.0,9.5904,0.1664,1.7350684017350682,561,262,262,2.4092383257305348,5.961028494410444,4.522405891633318,27.177920021834847,529,256,256,2.4151429440826178,5.972587259215843,4.466254969316008,26.840474575216398,500,248,248,2.4146714268192166,5.991403187039609,4.372219871440214,26.275359804328208,475,242,242,2.415859307139373,5.999915559315168,4.29871051677568,25.833596855623078
PNOA_area_LiDAR_508000_4179000_512000_4183000_17_09,17,9,511696.0,4179313.0,511480.0,4179202.0,511912.0,4179424.0,9.5904,0.3451,3.5983900567233897,425,247,247,3.1258141357406433,6.447039527649937,14.090665286361043,40.83067309869905,402,233,233,3.1630240735066297,6.451791654305385,13.847325147310608,40.12554374764012,380,223,223,3.14963843790405,6.463247825291725,13.270589248338235,38.45432989956023,365,215,215,3.1322369065395623,6.483324153053744,12.75186449795286,36.95121558375213
PNOA_area_LiDAR_508000_4179000_512000_4183000_17_10,17,10,511956.0,4179313.0,511912.0,4179202.0,512000.0,4179424.0,1.9536,0.0435,2.2266584766584763,159,53,53,2.68225604183269,5.654662329276405,0.9706585612570162,22.313989913954398,150,51,51,2.60994226324792,5.5840822633880025,0.8404574941861578,19.320861935313975,144,50,50,2.5849194288253785,5.533644194633569,0.7875599763611741,18.104827042785615,139,47,47,2.606049228221812,5.472932738135547,0.7469315386469426,17.170839968895233
PNOA_area_LiDAR_508000_4179000_512000_4183000_18_01,18,1,508228.0,4179101.0,508000.0,4179000.0,508456.0,4179202.0,9.2112,4.3281,46.98736321000521,454,451,451,11.154188133924869,8.83314008446167,228.50547287615458,52.79579327560698,372,370,370,10.866736455865809,8.924757009527259,186.30035465165005,43.044373894237665,307,306,306,10.866255524890875,9.119472953577253,160.09648926977604,36.9900162357099,276,275,275,10.78612511027943,9.215355018705766,146.434436161448,33.83342255526628
PNOA_area_LiDAR_508000_4179000_512000_4183000_18_02,18,2,508672.0,4179101.0,508456.0,4179000.0,508888.0,4179202.0,8.7264,3.3365,38.234552621928856,371,361,361,6.612105506278802,9.059289954194005,75.9553170960946,22.764968408839984,311,306,306,6.330592284015581,9.13026060359602,60.42070733782929,18.109008643137805,268,265,265,6.178776408141514,9.225427622600822,51.50762508710426,15.437621785435114,233,230,230,6.100842350462209,9.296185718034518,44.51286116663577,13.341184224977004
PNOA_area_LiDAR_508000_4179000_512000_4183000_18_03,18,3,509104.0,4179101.0,508888.0,4179000.0,509320.0,4179202.0,8.7264,1.2885,14.76553905390539,265,216,216,6.2773597869608135,8.82706808444509,44.382114638727856,34.44479211387494,216,178,178,6.081620140022107,8.81295528035871,34.833385399391446,27.03405929328013,181,152,152,6.125114707570327,8.868858404379365,30.63662633965679,23.776970383901272,156,131,131,6.050707711518266,8.92592948169624,26.44391764099753,20.523024944507203
PNOA_area_LiDAR_508000_4179000_512000_4183000_18_04,18,4,509536.0,4179101.0,509320.0,4179000.0,509752.0,4179202.0,8.7264,0.3236,3.7082874954162084,315,211,211,3.2678071401695505,8.601652466408536,13.188647457072243,40.75601809972881,263,182,182,3.2593927462022383,8.630887598913883,11.083976853759628,34.25209163708167,239,170,170,3.274392416897942,8.699470132636357,10.408826389189414,32.16571813717371,209,154,154,3.2768549594012173,8.781010995249241,9.625346379508294,29.744580900829092
PNOA_area_LiDAR_508000_4179000_512000_4183000_18_05,18,5,509968.0,4179101.0,509752.0,4179000.0,510184.0,4179202.0,8.7264,0.7051,8.080078841217455,251,208,208,4.410169583100539,8.864316376755374,21.66224764262768,30.722234637112013,224,187,187,4.371595130247228,8.763728820415807,18.48592383473437,26.217449772705105,208,175,175,4.340533144814628,8.826357249219205,17.4330990293097,24.72429304965211,194,163,163,4.327556857302145,8.80496083729683,16.10612257488298,22.842323890062378
PNOA_area_LiDAR_508000_4179000_512000_4183000_18_06,18,6,510400.0,4179101.0,510184.0,4179000.0,510616.0,4179202.0,8.7264,1.8435,21.125550055005498,310,273,273,5.99697513108725,10.199340169052816,55.87470436298457,30.309034099801778,263,228,228,5.960576386828172,10.241313537096424,46.31342373496565,25.122551524255847,230,199,199,5.902593120258657,10.340868832540576,40.10467919372116,21.754640191874785,200,174,174,5.837218338045581,10.452977677874916,34.277583509614246,18.593752920864794
PNOA_area_LiDAR_508000_4179000_512000_4183000_18_07,18,7,510832.0,4179101.0,510616.0,4179000.0,511048.0,4179202.0,8.7264,0.5616,6.435643564356436,214,183,182,3.466164842980807,8.773325441891382,14.129453362328936,25.159283052580015,194,167,166,3.44311129118868,8.741847933551053,12.902846321161224,22.97515370577141,177,152,152,3.3039527143302716,8.618642443868959,10.96107402620361,19.51758195549076,160,138,138,3.2934743718824526,8.55605253987859,10.09909253183982,17.982714622221902
PNOA_area_LiDAR_508000_4179000_512000_4183000_18_08,18,8,511264.0,4179101.0,511048.0,4179000.0,511480.0,4179202.0,8.7264,0.2422,2.7754858819215253,571,266,266,2.536032951864085,6.1692920381779,5.928162094212395,24.476309224658937,518,241,241,2.5515367925414405,6.145213509818414,5.528558414938601,22.826417898177542,474,222,222,2.541687147037403,6.085235888261307,4.9307337467075705,20.35810795502713,429,203,203,2.517991026046828,6.105276659886751,4.479307947365869,18.49425246641564
PNOA_area_LiDAR_508000_4179000_512000_4183000_18_09,18,9,511696.0,4179101.0,511480.0,4179000.0,511912.0,4179202.0,8.7264,0.4521,5.180830583058306,539,350,350,2.982795122691563,6.246290979477079,15.910170006036259,35.19170538826865,511,331,331,2.976621238846793,6.236122326763412,15.287973517995338,33.81546896260858,497,325,325,2.9480461780841534,6.239608561164548,14.854911770030794,32.85757967270691,462,306,306,2.9636664593141844,6.230932674543883,14.09788933128298,31.18312172369604
PNOA_area_LiDAR_508000_4179000_512000_4183000_18_10,18,10,511956.0,4179101.0,511912.0,4179000.0,512000.0,4179202.0,1.7776,0.5108,28.735373537353738,211,159,159,8.634370848817646,6.197506852539184,28.065375150342014,54.943960748516076,184,135,135,8.49911715189616,6.243869220398049,23.928319263687374,46.84479104089149,168,123,123,8.443965466041876,6.307763730604064,21.85254791528597,42.781025675970966,145,101,101,8.29404063508062,6.253709054748815,17.30095647905102,33.87031417198712
