experimento,umbral_confianza,recorte_analisis,fila,columna,x_centro_utm,y_centro_utm,xmin_utm,ymin_utm,xmax_utm,ymax_utm,area_total_ha,area_arbolada_ha,porcentaje_arbolado,area_altura_2_5_ha,area_altura_5_10_ha,area_altura_10_15_ha,area_altura_15_20_ha,area_altura_20_30_ha,area_altura_30_40_ha,detecciones_unicas,detecciones_altura_valida,detecciones_usadas_biomasa,detecciones_excluidas_biomasa,confianza_media,altura_p95_media_m,altura_p95_mediana_m,altura_p95_min_m,altura_p95_max_m,diametro_copa_medio_m,diametro_copa_mediano_m,biomasa_gimnosperma_t,biomasa_angiosperma_t,biomasa_gimnosperma_t_ha_total,biomasa_angiosperma_t_ha_total,biomasa_gimnosperma_t_ha_arbolada,biomasa_angiosperma_t_ha_arbolada,detecciones_ha_total,detecciones_ha_arbolada
conf010,0.1,PNOA_area_LiDAR_508000_4179000_512000_4183000_01_01,1,1,508228.0,4182877.0,508000.0,4182754.0,508456.0,4183000.0,11.2176,0.0,0.0,0.0,0.0,0.0,0.0,0.0,0.0,641,0,0,641,0.36786666302652105,,,,,,,0.0,0.0,0.0,0.0,,,0.0,
conf010,0.1,PNOA_area_LiDAR_508000_4179000_512000_4183000_01_02,1,2,508672.0,4182877.0,508456.0,4182754.0,508888.0,4183000.0,10.6272,0.0,0.0,0.0,0.0,0.0,0.0,0.0,0.0,325,0,0,325,0.35228772,,,,,,,0.0,0.0,0.0,0.0,,,0.0,
conf010,0.1,PNOA_area_LiDAR_508000_4179000_512000_4183000_01_03,1,3,509104.0,4182877.0,508888.0,4182754.0,509320.0,4183000.0,10.6272,2.446,23.01641071966275,1.322,0.8028,0.2737,0.0474,0.0001,0.0,413,266,264,149,0.3624878813559322,9.161118191883975,8.084094524383545,2.2777557373046875,18.607873916625977,9.63910164679941,8.97822906034454,105.22833668471289,45.0301407554955,9.901793199028237,4.237253533903145,43.02057918426528,18.409705950734054,24.841915085817526,107.9313164349959
conf010,0.1,PNOA_area_LiDAR_508000_4179000_512000_4183000_01_04,1,4,509536.0,4182877.0,509320.0,4182754.0,509752.0,4183000.0,10.6272,4.5322,42.647169527250824,2.2391,1.9108,0.3588,0.0235,0.0,0.0,423,421,421,2,0.31496801891252957,9.847370806895638,9.702047348022461,2.2281463146209717,16.881317138671875,9.50045352331637,9.143667718583192,173.28755031451865,72.71032857099806,16.306040190691682,6.841908364479642,38.234753610722976,16.043053830589574,39.61532670882264,92.8908697762676
conf010,0.1,PNOA_area_LiDAR_508000_4179000_512000_4183000_01_05,1,5,509968.0,4182877.0,509752.0,4182754.0,510184.0,4183000.0,10.6272,5.4506,51.2891448358928,1.9199,2.6799,0.7993,0.0515,0.0,0.0,538,536,535,3,0.315483936802974,11.088071146118107,11.468853950500488,2.1642730236053467,18.508819580078125,8.536130903024281,8.262827919135475,228.0011769697889,95.95661402070306,21.454491961174053,9.029341126609365,41.83047315337558,17.604780028015828,50.34251731406203,98.1543316332147
conf010,0.1,PNOA_area_LiDAR_508000_4179000_512000_4183000_01_06,1,6,510400.0,4182877.0,510184.0,4182754.0,510616.0,4183000.0,10.6272,5.0543,47.56003462812405,2.0551,2.195,0.7519,0.052,0.0003,0.0,541,536,534,7,0.34756121626617376,10.866324248598582,11.521270751953125,2.3735198974609375,18.38623046875,8.991605112191557,8.455753933500635,229.44711521922457,96.53252276435636,21.590552094552145,9.083533081560182,45.39641794496262,19.099088452279517,50.248419150858176,105.65261262687218
conf010,0.1,PNOA_area_LiDAR_508000_4179000_512000_4183000_01_07,1,7,510832.0,4182877.0,510616.0,4182754.0,511048.0,4183000.0,10.6272,2.1389,20.126656127672387,1.6196,0.5025,0.0167,0.0001,0.0,0.0,373,316,316,57,0.38370499463806973,5.315265689469591,5.27056884765625,2.0010986328125,12.887603759765625,8.959813762556673,8.756726950147616,48.38794687467686,18.53428095005417,4.553216922112773,1.7440417937042845,22.622818680011623,8.665333091801473,29.735019572417947,147.73949226237787
conf010,0.1,PNOA_area_LiDAR_508000_4179000_512000_4183000_01_08,1,8,511264.0,4182877.0,511048.0,4182754.0,511480.0,4183000.0,10.6272,0.4439,4.177017464619091,0.3639,0.0781,0.0019,0.0,0.0,0.0,544,359,359,185,0.47004838235294116,2.5655604783538988,2.315277099609375,2.0023193359375,10.327545166015625,6.48475772780335,6.193502173128242,10.281076313844293,3.569623048038739,0.9674303968914006,0.335894972150589,23.160793678405707,8.041502698893307,33.78124059018368,808.7407073665239
conf010,0.1,PNOA_area_LiDAR_508000_4179000_512000_4183000_01_09,1,9,511696.0,4182877.0,511480.0,4182754.0,511912.0,4183000.0,10.6272,0.3466,3.261442336645589,0.3381,0.0085,0.0,0.0,0.0,0.0,766,478,478,288,0.43719812140992165,2.399682913864008,2.308496117591858,2.000244140625,7.4449462890625,5.85686433477587,5.69008426830724,6.567967768625919,1.8168373053480087,0.6180337030098162,0.1709610532734877,18.949705045083434,5.241884897137936,44.978922011442336,1379.1113675706865
conf010,0.1,PNOA_area_LiDAR_508000_4179000_512000_4183000_01_10,1,10,511956.0,4182877.0,511912.0,4182754.0,512000.0,4183000.0,2.1648,0.0879,4.060421286031042,0.0879,0.0,0.0,0.0,0.0,0.0,317,165,165,152,0.6008621703470032,2.419689161127264,2.36566162109375,2.0006103515625,3.43353271484375,5.466563627118432,5.408261313370515,1.937284055863725,0.5131522089119819,0.8949020952807303,0.237043703303761,22.039636585480373,5.837909088873514,76.21951219512195,1877.1331058020476
conf010,0.1,PNOA_area_LiDAR_508000_4179000_512000_4183000_02_01,2,1,508228.0,4182643.0,508000.0,4182532.0,508456.0,4182754.0,10.1232,0.0,0.0,0.0,0.0,0.0,0.0,0.0,0.0,472,0,0,472,0.3841705593220339,,,,,,,0.0,0.0,0.0,0.0,,,0.0,
conf010,0.1,PNOA_area_LiDAR_508000_4179000_512000_4183000_02_02,2,2,508672.0,4182643.0,508456.0,4182532.0,508888.0,4182754.0,9.5904,0.0,0.0,0.0,0.0,0.0,0.0,0.0,0.0,192,0,0,192,0.3414993333333333,,,,,,,0.0,0.0,0.0,0.0,,,0.0,
conf010,0.1,PNOA_area_LiDAR_508000_4179000_512000_4183000_02_03,2,3,509104.0,4182643.0,508888.0,4182532.0,509320.0,4182754.0,9.5904,2.8482,29.698448448448445,1.2237,1.1213,0.4422,0.0602,0.0008,0.0,407,258,258,149,0.3518750884520884,12.407139312389285,13.073707580566406,2.686859130859375,19.101184844970703,9.478172953241472,9.306844933490522,153.09114877331845,66.68676181270301,15.962957621508846,6.953491180003233,53.75014000888928,23.41365136321291,26.9019019019019,90.58352643775017
conf010,0.1,PNOA_area_LiDAR_508000_4179000_512000_4183000_02_04,2,4,509536.0,4182643.0,509320.0,4182532.0,509752.0,4182754.0,9.5904,1.4237,14.845053386720053,0.6864,0.6191,0.112,0.0062,0.0,0.0,127,119,118,9,0.3132039527559055,9.772027236072956,9.272241592407227,2.6913514137268066,16.746044158935547,9.919424955832351,9.219855018575123,51.25480834964585,21.585565020071208,5.344386923344787,2.250747103360778,36.00112969701893,15.161596558313695,12.30397063730397,82.8826297675072
conf010,0.1,PNOA_area_LiDAR_508000_4179000_512000_4183000_02_05,2,5,509968.0,4182643.0,509752.0,4182532.0,510184.0,4182754.0,9.5904,2.2429,23.386928595261928,1.3007,0.7981,0.1384,0.0056,0.0001,0.0,305,296,296,9,0.3737445672131148,7.568877839558834,7.802952527999878,2.0102295875549316,16.085824966430664,9.03744373311392,8.549379734319679,85.74075489243609,35.51401641807467,8.94026890353229,3.703079790006117,38.2276315896545,15.833972276104447,30.864197530864196,131.9720005350216
conf010,0.1,PNOA_area_LiDAR_508000_4179000_512000_4183000_02_06,2,6,510400.0,4182643.0,510184.0,4182532.0,510616.0,4182754.0,9.5904,2.6509,27.641182849516184,1.4408,0.9549,0.2388,0.0164,0.0,0.0,223,220,220,3,0.368370264573991,8.646609322591262,8.392581462860107,2.2822265625,17.873523712158203,9.45585242768695,9.133968173235758,76.54657346405477,31.963373015138185,7.981582985491197,3.332850873283511,28.875692581408114,12.057555175652867,22.939606272939603,82.99068240974763
conf010,0.1,PNOA_area_LiDAR_508000_4179000_512000_4183000_02_07,2,7,510832.0,4182643.0,510616.0,4182532.0,511048.0,4182754.0,9.5904,1.0565,11.016224557891224,0.6863,0.368,0.0022,0.0,0.0,0.0,216,160,158,58,0.3922333333333333,5.090660797059536,5.323367118835449,2.036376953125,10.21923828125,9.599840142623151,8.667372056270283,29.999845107473764,12.028795161124773,3.128111977339189,1.2542537497001973,28.39549939183508,11.385513640439918,16.474808141474806,149.55040227165168
conf010,0.1,PNOA_area_LiDAR_508000_4179000_512000_4183000_02_08,2,8,511264.0,4182643.0,511048.0,4182532.0,511480.0,4182754.0,9.5904,1.5871,16.54884050717384,1.2286,0.3427,0.0156,0.0002,0.0,0.0,272,241,241,31,0.3734306911764706,4.473387886379764,3.5280518531799316,2.004150390625,12.005663871765137,9.054176640136733,8.821101815983983,29.728478132234017,11.31196604252581,3.099816288396106,1.1795093054018404,18.731320100960254,7.127443792152864,25.129295962629293,151.84928485917712
conf010,0.1,PNOA_area_LiDAR_508000_4179000_512000_4183000_02_09,2,9,511696.0,4182643.0,511480.0,4182532.0,511912.0,4182754.0,9.5904,0.4551,4.74537037037037,0.4196,0.0355,0.0,0.0,0.0,0.0,424,214,214,210,0.39223524528301884,2.950183389342834,2.437817335128784,2.0006103515625,8.260717391967773,6.501113428289862,5.8038896557766275,7.53465330233846,2.5047417936612506,0.7856453643579474,0.2611717752816619,16.55603889768943,5.503717410813559,22.31398064731398,470.22632388486045
conf010,0.1,PNOA_area_LiDAR_508000_4179000_512000_4183000_02_10,2,10,511956.0,4182643.0,511912.0,4182532.0,512000.0,4182754.0,1.9536,0.0856,4.381654381654381,0.0779,0.0077,0.0,0.0,0.0,0.0,216,131,131,85,0.6146652268518519,2.5042016833793115,2.343963623046875,2.0140380859375,9.496594429016113,5.915918472031289,5.916642586084368,2.2105818628731218,0.6520424528659733,1.1315427226009018,0.3337645643253344,25.824554472816843,7.617318374602492,67.05569205569205,1530.373831775701
conf010,0.1,PNOA_area_LiDAR_508000_4179000_512000_4183000_03_01,3,1,508228.0,4182421.0,508000.0,4182310.0,508456.0,4182532.0,10.1232,0.0,0.0,0.0,0.0,0.0,0.0,0.0,0.0,279,0,0,279,0.4282806523297491,,,,,,,0.0,0.0,0.0,0.0,,,0.0,
conf010,0.1,PNOA_area_LiDAR_508000_4179000_512000_4183000_03_02,3,2,508672.0,4182421.0,508456.0,4182310.0,508888.0,4182532.0,9.5904,0.0,0.0,0.0,0.0,0.0,0.0,0.0,0.0,196,0,0,196,0.3693006836734694,,,,,,,0.0,0.0,0.0,0.0,,,0.0,
conf010,0.1,PNOA_area_LiDAR_508000_4179000_512000_4183000_03_03,3,3,509104.0,4182421.0,508888.0,4182310.0,509320.0,4182532.0,9.5904,1.6495,17.19949115782449,0.7149,0.7289,0.1919,0.0136,0.0002,0.0,252,158,157,95,0.31129255158730157,10.948178938672513,10.768287658691406,3.340191602706909,18.928924560546875,9.63491969071315,9.037984487989535,77.01189882235575,32.814966617016914,8.030102896892283,3.421647336609204,46.68802596080979,19.89388700637582,16.370537203870537,95.18035768414671
conf010,0.1,PNOA_area_LiDAR_508000_4179000_512000_4183000_03_04,3,4,509536.0,4182421.0,509320.0,4182310.0,509752.0,4182532.0,9.5904,3.801,39.63338338338338,1.8351,1.7009,0.2569,0.0081,0.0,0.0,344,343,342,2,0.3191334156976744,9.24807261864576,9.34613037109375,2.8333740234375,16.905115127563477,8.978382074284069,8.682202168797227,115.29667719462365,47.389378937812815,12.022092633740371,4.941334974329831,30.333248406899145,12.467608244623207,35.66066066066066,89.97632202052091
conf010,0.1,PNOA_area_LiDAR_508000_4179000_512000_4183000_03_05,3,5,509968.0,4182421.0,509752.0,4182310.0,510184.0,4182532.0,9.5904,4.6496,48.481815148481815,2.2921,1.9414,0.3996,0.0165,0.0,0.0,485,483,482,3,0.33380543917525773,9.868703215265374,10.098302841186523,2.015869140625,18.170360565185547,8.839365999106834,8.538342088815446,173.75601574295894,71.61334129829713,18.117702675900787,7.4671902421480985,37.37009973824822,15.40204346573837,50.258591925258585,103.66483138334479
conf010,0.1,PNOA_area_LiDAR_508000_4179000_512000_4183000_03_06,3,6,510400.0,4182421.0,510184.0,4182310.0,510616.0,4182532.0,9.5904,1.244,12.971304637971304,0.89,0.3135,0.0371,0.0034,0.0,0.0,152,145,144,8,0.39919261842105264,7.441325163019115,6.7042236328125,2.3509521484375,17.50244140625,10.330430406564883,10.121049516349746,45.26781146102235,18.664492569080682,4.720117144334162,1.9461641400859901,36.38891596545205,15.003611389936239,15.015015015015013,115.7556270096463
conf010,0.1,PNOA_area_LiDAR_508000_4179000_512000_4183000_03_07,3,7,510832.0,4182421.0,510616.0,4182310.0,511048.0,4182532.0,9.5904,2.8115,29.315774107440774,1.5967,0.9688,0.2395,0.0065,0.0,0.0,288,283,283,5,0.35569222222222224,8.382570816855548,8.597216606140137,2.1968016624450684,16.493383407592773,9.368605176130954,9.309088521153004,88.06709717296744,36.089335084592726,9.182838794311753,3.763068806785194,31.323883042136735,12.836327613228784,29.508675342008672,100.65801173750667
conf010,0.1,PNOA_area_LiDAR_508000_4179000_512000_4183000_03_08,3,8,511264.0,4182421.0,511048.0,4182310.0,511480.0,4182532.0,9.5904,2.3472,24.474474474474473,1.0931,1.0232,0.2247,0.0062,0.0,0.0,348,291,291,57,0.3250061091954023,8.113827349803701,8.402490615844727,2.0037841796875,16.04547691345215,8.963404571835133,8.851418635821295,82.18825592489466,33.55689471550381,8.569846505348542,3.4990088750733865,35.015446457436376,14.296563869931752,30.342842842842842,123.97750511247445
conf010,0.1,PNOA_area_LiDAR_508000_4179000_512000_4183000_03_09,3,9,511696.0,4182421.0,511480.0,4182310.0,511912.0,4182532.0,9.5904,1.0532,10.981815148481813,0.949,0.1036,0.0006,0.0,0.0,0.0,502,398,397,105,0.45115986454183266,3.0582980582462485,2.596221923828125,2.0008544921875,9.271240234375,7.331090884937673,6.5681090786107585,17.074472433098283,5.787345463649399,1.780371249697435,0.6034519377345469,16.211994334502737,5.495010884589251,41.39556222889556,376.9464489175845
conf010,0.1,PNOA_area_LiDAR_508000_4179000_512000_4183000_03_10,3,10,511956.0,4182421.0,511912.0,4182310.0,512000.0,4182532.0,1.9536,0.1019,5.216011466011467,0.1002,0.0017,0.0,0.0,0.0,0.0,255,161,161,94,0.5969778509803921,2.413199029353835,2.38177490234375,2.00732421875,4.5577392578125,6.021732710335393,6.145930427631195,2.246379703658461,0.6092358786672777,1.1498667606769353,0.31185292724574,22.044943117354865,5.978762302917347,82.41195741195742,1579.9803729146222
conf010,0.1,PNOA_area_LiDAR_508000_4179000_512000_4183000_04_01,4,1,508228.0,4182199.0,508000.0,4182088.0,508456.0,4182310.0,10.1232,0.0,0.0,0.0,0.0,0.0,0.0,0.0,0.0,158,0,0,158,0.38029211392405066,,,,,,,0.0,0.0,0.0,0.0,,,0.0,
conf010,0.1,PNOA_area_LiDAR_508000_4179000_512000_4183000_04_02,4,2,508672.0,4182199.0,508456.0,4182088.0,508888.0,4182310.0,9.5904,0.0,0.0,0.0,0.0,0.0,0.0,0.0,0.0,241,0,0,241,0.3691101867219917,,,,,,,0.0,0.0,0.0,0.0,,,0.0,
conf010,0.1,PNOA_area_LiDAR_508000_4179000_512000_4183000_04_03,4,3,509104.0,4182199.0,508888.0,4182088.0,509320.0,4182310.0,9.5904,4.9632,51.75175175175174,1.8533,2.6618,0.4464,0.0017,0.0,0.0,456,431,431,25,0.30497763157894736,9.64888833072512,9.786059379577637,3.3740265369415283,15.237146377563477,8.442741196497378,8.200978443254142,136.38851740594595,55.12481915552633,14.22135858837441,5.747916578612605,27.479955957032953,11.106709210897472,44.940774107440774,86.83913604126371
conf010,0.1,PNOA_area_LiDAR_508000_4179000_512000_4183000_04_04,4,4,509536.0,4182199.0,509320.0,4182088.0,509752.0,4182310.0,9.5904,4.6778,48.775859192525864,2.581,1.958,0.1358,0.003,0.0,0.0,281,280,279,2,0.3099546975088968,8.292716614689146,8.226826667785645,2.465679883956909,17.047588348388672,9.222325348315348,8.882093731941918,81.50720367347049,32.88954778967971,8.498832548535043,3.42942398541038,17.424260052475624,7.030986316148554,29.09159159159159,59.643422121510106
conf010,0.1,PNOA_area_LiDAR_508000_4179000_512000_4183000_04_05,4,5,509968.0,4182199.0,509752.0,4182088.0,510184.0,4182310.0,9.5904,6.063,63.21946946946946,3.7594,2.1056,0.1776,0.0182,0.0022,0.0,420,418,418,2,0.3135449880952381,7.90905362396149,7.686201572418213,2.64599609375,21.63117027282715,8.974484602594337,8.804417178195395,106.93153762472888,42.61556857815708,11.149851687596854,4.443565292183546,17.636737196887495,7.028792442381178,43.58525191858525,68.94276760679531
conf010,0.1,PNOA_area_LiDAR_508000_4179000_512000_4183000_04_06,4,6,510400.0,4182199.0,510184.0,4182088.0,510616.0,4182310.0,9.5904,3.2102,33.473056389723055,1.7863,1.1476,0.2442,0.0319,0.0002,0.0,301,297,297,4,0.34264112292358806,8.310827566718412,7.6937255859375,2.061511278152466,19.368091583251953,9.5537416200471,9.387120073616822,106.14708045926868,45.212309739475074,11.06805560344393,4.714329927789777,33.06556615141383,14.08395418960659,30.968468468468465,92.51760014952339
conf010,0.1,PNOA_area_LiDAR_508000_4179000_512000_4183000_04_07,4,7,510832.0,4182199.0,510616.0,4182088.0,511048.0,4182310.0,9.5904,4.703,49.03862195528862,2.0159,1.6121,0.9761,0.0989,0.0,0.0,479,478,478,1,0.33876109394572024,10.013336318806125,10.762042045593262,2.0352845191955566,18.6202449798584,8.884654966300578,8.773756626703918,185.26181108721266,78.1541876870714,19.31742274432898,8.1492104278311,39.39226261688553,16.617943373819134,49.84150817484151,101.63725281735061
conf010,0.1,PNOA_area_LiDAR_508000_4179000_512000_4183000_04_08,4,8,511264.0,4182199.0,511048.0,4182088.0,511480.0,4182310.0,9.5904,1.3405,13.977519185852518,0.5778,0.6783,0.0836,0.0008,0.0,0.0,436,223,223,213,0.27786606651376144,7.04096207918073,7.8826904296875,2.007080078125,15.514660835266113,8.569573258468969,8.450272117541662,46.47922361234572,18.34398555459819,4.846432225177857,1.9127445731771553,34.67305006515906,13.68443532607101,23.25241908575242,166.35583737411415
conf010,0.1,PNOA_area_LiDAR_508000_4179000_512000_4183000_04_09,4,9,511696.0,4182199.0,511480.0,4182088.0,511912.0,4182310.0,9.5904,0.4224,4.404404404404405,0.3632,0.0535,0.0057,0.0,0.0,0.0,532,219,219,313,0.39500861278195487,3.0031350366601117,2.514941453933716,2.0009765625,13.626001358032227,7.684672693118253,7.018742479414499,10.182157026189314,3.583237090986104,1.0617030599546748,0.37362749113552135,24.105485383970915,8.483042355554224,22.835335335335333,518.4659090909091
conf010,0.1,PNOA_area_LiDAR_508000_4179000_512000_4183000_04_10,4,10,511956.0,4182199.0,511912.0,4182088.0,512000.0,4182310.0,1.9536,0.0634,3.245290745290745,0.0634,0.0,0.0,0.0,0.0,0.0,234,101,101,133,0.5476210555555555,2.3960721681613735,2.381823778152466,2.0118408203125,3.1590819358825684,5.582296827615782,5.438185028420279,1.2375527894032148,0.3305778320041779,0.6334729675487382,0.16921469697183553,19.51976008522421,5.214161388078516,51.6994266994267,1593.0599369085173
conf010,0.1,PNOA_area_LiDAR_508000_4179000_512000_4183000_05_01,5,1,508228.0,4181977.0,508000.0,4181866.0,508456.0,4182088.0,10.1232,0.0,0.0,0.0,0.0,0.0,0.0,0.0,0.0,305,0,0,305,0.39394367540983605,,,,,,,0.0,0.0,0.0,0.0,,,0.0,
conf010,0.1,PNOA_area_LiDAR_508000_4179000_512000_4183000_05_02,5,2,508672.0,4181977.0,508456.0,4181866.0,508888.0,4182088.0,9.5904,0.0,0.0,0.0,0.0,0.0,0.0,0.0,0.0,238,0,0,238,0.3272084915966387,,,,,,,0.0,0.0,0.0,0.0,,,0.0,
conf010,0.1,PNOA_area_LiDAR_508000_4179000_512000_4183000_05_03,5,3,509104.0,4181977.0,508888.0,4181866.0,509320.0,4182088.0,9.5904,5.1657,53.86323823823823,2.1417,2.4799,0.5299,0.0142,0.0,0.0,625,426,426,199,0.3282061696,10.281748865691709,10.367651462554932,3.1402649879455566,17.427692413330078,8.75920866902002,8.56031832276884,160.94726694821347,66.62137230153733,16.782122429535104,6.946672954364503,31.156913283429827,12.89687211830678,44.41941941941942,82.4670422208026
conf010,0.1,PNOA_area_LiDAR_508000_4179000_512000_4183000_05_04,5,4,509536.0,4181977.0,509320.0,4181866.0,509752.0,4182088.0,9.5904,2.3481,24.48385885885886,1.2148,0.9084,0.2199,0.005,0.0,0.0,189,181,180,9,0.3057485502645503,8.930231671306968,9.0510892868042,2.608071804046631,16.44515037536621,9.3113474206093,8.840590360961777,60.518749043312106,24.90184250509105,6.310346705383727,2.5965384660797306,25.77349731413147,10.605103064218325,18.768768768768766,76.65772326561901
conf010,0.1,PNOA_area_LiDAR_508000_4179000_512000_4183000_05_05,5,5,509968.0,4181977.0,509752.0,4181866.0,510184.0,4182088.0,9.5904,4.7246,49.26384718051384,2.5644,1.9451,0.2102,0.0049,0.0,0.0,388,388,387,1,0.33948600773195875,8.662320642127204,8.625024318695068,2.399523973464966,15.044039726257324,9.257383724801638,8.945611211943001,120.92688351142729,49.175050721968226,12.609159525298974,5.127528645517207,25.595158005212568,10.408299268079462,40.35285285285285,81.91169622825213
conf010,0.1,PNOA_area_LiDAR_508000_4179000_512000_4183000_05_06,5,6,510400.0,4181977.0,510184.0,4181866.0,510616.0,4182088.0,9.5904,3.7202,38.790874207540874,1.9145,1.5082,0.2894,0.0081,0.0,0.0,484,467,467,17,0.3292938347107438,8.60982485705831,8.951507568359375,2.07958984375,17.525976181030273,9.040186457378057,8.853125075952683,142.0952736084314,57.84926328563932,14.816407408286556,6.031996922509938,38.19560066889721,15.550041203601772,48.69452786119452,125.53088543626686
conf010,0.1,PNOA_area_LiDAR_508000_4179000_512000_4183000_05_07,5,7,510832.0,4181977.0,510616.0,4181866.0,511048.0,4182088.0,9.5904,3.6528,38.088088088088085,1.7913,1.4341,0.4173,0.0101,0.0,0.0,451,413,413,38,0.34045870066518846,8.303926023386293,8.960931777954102,2.0623779296875,16.455652236938477,9.014524586198672,8.954483135333968,125.74769032466219,51.79743394091809,13.111829571724034,5.4009670025148155,34.425013777010015,14.18019983051853,43.063897230563896,113.06395094174331
conf010,0.1,PNOA_area_LiDAR_508000_4179000_512000_4183000_05_08,5,8,511264.0,4181977.0,511048.0,4181866.0,511480.0,4182088.0,9.5904,0.7695,8.023648648648647,0.6145,0.1519,0.0031,0.0,0.0,0.0,395,227,227,168,0.30806287341772154,4.128861106964985,2.972796678543091,2.0137939453125,10.762725830078125,9.00949873302944,8.876849906226973,19.64871498106634,7.014456691672129,2.048789933794872,0.7314039760252053,25.534392438032935,9.115603238040455,23.6695028361695,294.996751137102
conf010,0.1,PNOA_area_LiDAR_508000_4179000_512000_4183000_05_09,5,9,511696.0,4181977.0,511480.0,4181866.0,511912.0,4182088.0,9.5904,0.5505,5.740115115115114,0.5103,0.0402,0.0,0.0,0.0,0.0,524,305,304,220,0.38937852290076336,2.8558247480236116,2.487548828125,2.0028076171875,7.59112548828125,7.534382357916641,6.8774273389003,11.793383325243946,3.9091498268814693,1.2297071368497607,0.4076107176845042,21.423039646219703,7.101089603781053,31.698365031698362,552.2252497729337
conf010,0.1,PNOA_area_LiDAR_508000_4179000_512000_4183000_05_10,5,10,511956.0,4181977.0,511912.0,4181866.0,512000.0,4182088.0,1.9536,0.0921,4.714373464373464,0.0921,0.0,0.0,0.0,0.0,0.0,295,169,169,126,0.5864519593220339,2.380639434566159,2.3208861351013184,2.0016541481018066,3.091076612472534,5.947451018619892,5.937171479275734,2.2245289040586695,0.5960023113383605,1.138681871446903,0.30507898819531143,24.15340829596818,6.4712520232178115,86.5069615069615,1834.9619978284472
conf010,0.1,PNOA_area_LiDAR_508000_4179000_512000_4183000_06_01,6,1,508228.0,4181755.0,508000.0,4181644.0,508456.0,4181866.0,10.1232,0.0,0.0,0.0,0.0,0.0,0.0,0.0,0.0,542,0,0,542,0.37043715682656825,,,,,,,0.0,0.0,0.0,0.0,,,0.0,
conf010,0.1,PNOA_area_LiDAR_508000_4179000_512000_4183000_06_02,6,2,508672.0,4181755.0,508456.0,4181644.0,508888.0,4181866.0,9.5904,0.0,0.0,0.0,0.0,0.0,0.0,0.0,0.0,100,0,0,100,0.36116022,,,,,,,0.0,0.0,0.0,0.0,,,0.0,
conf010,0.1,PNOA_area_LiDAR_508000_4179000_512000_4183000_06_03,6,3,509104.0,4181755.0,508888.0,4181644.0,509320.0,4181866.0,9.5904,1.0337,10.778486820153486,0.4349,0.5501,0.0484,0.0003,0.0,0.0,114,73,72,42,0.28147294736842104,9.171430796793063,9.114526748657227,4.916052341461182,13.877667427062988,10.289409030934522,10.341848529113157,30.75221342686209,12.932705424643727,3.20656212742556,1.3485053203874422,29.74965021462909,12.511081962507232,7.507507507507507,69.65270387926864
conf010,0.1,PNOA_area_LiDAR_508000_4179000_512000_4183000_06_04,6,4,509536.0,4181755.0,509320.0,4181644.0,509752.0,4181866.0,9.5904,3.7989,39.611486486486484,2.5108,1.1148,0.1611,0.0122,0.0,0.0,330,327,326,4,0.3379545333333333,8.566115854712436,8.389398574829102,2.62677001953125,16.7442684173584,9.322782862719684,9.014899631774803,104.55305205143766,43.1482765055875,10.901844766791546,4.499111247245944,27.521927940045185,11.358097477055859,33.99232565899232,85.81431467003605
conf010,0.1,PNOA_area_LiDAR_508000_4179000_512000_4183000_06_05,6,5,509968.0,4181755.0,509752.0,4181644.0,510184.0,4181866.0,9.5904,5.6535,58.94957457457457,3.4553,1.8587,0.3166,0.0228,0.0001,0.0,503,501,500,3,0.30845976739562625,8.88948078926452,8.7364501953125,2.1558837890625,17.603221893310547,8.995844949888012,8.774983267562526,159.6537405458521,65.60497484066096,16.647245218745002,6.840692238140323,28.239805526815616,11.604311460274335,52.13546880213546,88.44078889183692
conf010,0.1,PNOA_area_LiDAR_508000_4179000_512000_4183000_06_06,6,6,510400.0,4181755.0,510184.0,4181644.0,510616.0,4181866.0,9.5904,5.2536,54.77977977977977,1.9631,2.2894,0.8879,0.1119,0.0013,0.0,684,678,678,6,0.32812867251461986,11.382674918765515,11.959396362304688,2.0731201171875,18.948083877563477,8.550175253730941,8.357044488667452,305.37677616294314,129.90748348161276,31.841922773079656,13.5455751044391,58.127146368764876,24.7273266867696,70.69569569569569,129.05436272270444
conf010,0.1,PNOA_area_LiDAR_508000_4179000_512000_4183000_06_07,6,7,510832.0,4181755.0,510616.0,4181644.0,511048.0,4181866.0,9.5904,4.361,45.47255588922255,1.5581,2.0722,0.7043,0.0264,0.0,0.0,566,547,547,19,0.3430025,10.30088420977758,11.137463569641113,2.0035400390625,17.046361923217773,8.705675706259814,8.312570894874794,212.5391583981596,88.88305401571755,22.161657323798757,9.267919379349927,48.73633533551011,20.381346942379626,57.0362028695362,125.4299472598028
conf010,0.1,PNOA_area_LiDAR_508000_4179000_512000_4183000_06_08,6,8,511264.0,4181755.0,511048.0,4181644.0,511480.0,4181866.0,9.5904,0.8005,8.346888555221888,0.5781,0.2141,0.0083,0.0,0.0,0.0,401,242,242,159,0.30958827930174565,5.011772575457234,3.843310594558716,2.019775390625,10.987060546875,9.47013574879352,9.157654678034191,34.80225826569384,13.305747591931972,3.6288641001098845,1.387402776936517,43.47565055052322,16.62179586749778,25.233566900233566,302.3110555902561
conf010,0.1,PNOA_area_LiDAR_508000_4179000_512000_4183000_06_09,6,9,511696.0,4181755.0,511480.0,4181644.0,511912.0,4181866.0,9.5904,0.127,1.324240907574241,0.1256,0.0014,0.0,0.0,0.0,0.0,363,87,87,276,0.34598430578512396,2.929372362706853,2.69622802734375,2.0032958984375,5.113549709320068,8.105112563968273,7.90304654588118,3.26934482071964,1.0277889243875136,0.34089764980810394,0.10716851480517116,25.742872604091655,8.092826176279635,9.071571571571571,685.0393700787401
conf010,0.1,PNOA_area_LiDAR_508000_4179000_512000_4183000_06_10,6,10,511956.0,4181755.0,511912.0,4181644.0,512000.0,4181866.0,1.9536,0.0387,1.980958230958231,0.0309,0.0078,0.0,0.0,0.0,0.0,282,76,76,206,0.4825424787234043,2.439739111222719,2.257376194000244,2.000244140625,7.49615478515625,5.624735093428142,5.643319275098647,1.297345836650484,0.39913002353324256,0.6640795642150307,0.20430488510096365,33.523148233862635,10.313437300600583,38.9025389025389,1963.8242894056848
conf010,0.1,PNOA_area_LiDAR_508000_4179000_512000_4183000_07_01,7,1,508228.0,4181533.0,508000.0,4181422.0,508456.0,4181644.0,10.1232,0.0,0.0,0.0,0.0,0.0,0.0,0.0,0.0,697,0,0,697,0.37133818364418936,,,,,,,0.0,0.0,0.0,0.0,,,0.0,
conf010,0.1,PNOA_area_LiDAR_508000_4179000_512000_4183000_07_02,7,2,508672.0,4181533.0,508456.0,4181422.0,508888.0,4181644.0,9.5904,0.0,0.0,0.0,0.0,0.0,0.0,0.0,0.0,227,0,0,227,0.3975358854625551,,,,,,,0.0,0.0,0.0,0.0,,,0.0,
conf010,0.1,PNOA_area_LiDAR_508000_4179000_512000_4183000_07_03,7,3,509104.0,4181533.0,508888.0,4181422.0,509320.0,4181644.0,9.5904,0.0,0.0,0.0,0.0,0.0,0.0,0.0,0.0,5,0,0,5,0.128491,,,,,,,0.0,0.0,0.0,0.0,,,0.0,
conf010,0.1,PNOA_area_LiDAR_508000_4179000_512000_4183000_07_04,7,4,509536.0,4181533.0,509320.0,4181422.0,509752.0,4181644.0,9.5904,3.7154,38.74082415749082,1.4581,1.6002,0.5644,0.0856,0.0071,0.0,399,395,395,4,0.3336012180451128,12.362933151631415,12.1180419921875,4.2557373046875,22.97429847717285,8.721711492175459,8.450077618568901,208.99014530416238,90.47535431599977,21.79159840091783,9.433950024607917,56.24970267108855,24.35144380578128,41.18702035368702,106.31425956828336
conf010,0.1,PNOA_area_LiDAR_508000_4179000_512000_4183000_07_05,7,5,509968.0,4181533.0,509752.0,4181422.0,510184.0,4181644.0,9.5904,6.3848,66.5749082415749,2.2048,2.7657,1.187,0.2167,0.0106,0.0,771,767,767,4,0.3339238651102464,12.925887398178917,13.15045166015625,2.405834913253784,22.005151748657227,8.51717882247589,8.209970741228794,418.95370667704833,181.83011005617837,43.684695808000534,18.95959606024549,65.61735789328536,28.47859135073587,79.9758091424758,120.12905650920936
conf010,0.1,PNOA_area_LiDAR_508000_4179000_512000_4183000_07_06,7,6,510400.0,4181533.0,510184.0,4181422.0,510616.0,4181644.0,9.5904,7.0333,73.33687854521187,2.1256,3.3685,1.3764,0.16,0.0028,0.0,867,867,867,0,0.34716930103806226,12.627034778550971,12.705431938171387,2.261798143386841,19.735363006591797,8.26755523354649,8.080050257021792,427.31280874191276,181.95171599826827,44.55630721783374,18.972276025845456,60.75566359204254,25.870034834042098,90.4029029029029,123.27072640154694
conf010,0.1,PNOA_area_LiDAR_508000_4179000_512000_4183000_07_07,7,7,510832.0,4181533.0,510616.0,4181422.0,511048.0,4181644.0,9.5904,4.1743,43.52581748415081,1.67,1.9168,0.5557,0.0318,0.0,0.0,616,592,592,24,0.33353690746753245,9.751100976724882,10.623733520507812,2.006103515625,17.87237548828125,8.634002136855125,8.48479798143191,204.81324238595423,84.6492468809528,21.356068817354252,8.826456339772355,49.06529056032251,20.278668730314738,61.72839506172839,141.82018542031
conf010,0.1,PNOA_area_LiDAR_508000_4179000_512000_4183000_07_08,7,8,511264.0,4181533.0,511048.0,4181422.0,511480.0,4181644.0,9.5904,1.2572,13.108942275608943,1.1713,0.085,0.0009,0.0,0.0,0.0,384,271,271,113,0.3213478671875,3.938421054959737,3.4697265625,2.0023193359375,9.450872421264648,9.141585859839434,8.9528110223358,21.694407492112802,7.5988060444985575,2.262096209971722,0.7923346309328658,17.256130680967864,6.04423007039338,28.25742409075742,215.55838370983136
conf010,0.1,PNOA_area_LiDAR_508000_4179000_512000_4183000_07_09,7,9,511696.0,4181533.0,511480.0,4181422.0,511912.0,4181644.0,9.5904,0.1946,2.0291124457791123,0.1874,0.0072,0.0,0.0,0.0,0.0,209,94,94,115,0.32223127751196173,3.198096359029729,3.0090850591659546,2.029541015625,6.821612358093262,8.580079009908687,8.217015685178321,4.547807738028051,1.491597250130564,0.4742041768881434,0.15553024379906616,23.370029486269534,7.664939620403721,9.801468134801468,483.0421377183967
conf010,0.1,PNOA_area_LiDAR_508000_4179000_512000_4183000_07_10,7,10,511956.0,4181533.0,511912.0,4181422.0,512000.0,4181644.0,1.9536,0.1362,6.97174447174447,0.1223,0.0139,0.0,0.0,0.0,0.0,206,110,110,96,0.5612543300970874,2.8164580236781727,2.6243011951446533,2.0018310546875,7.123999118804932,6.090608470686295,5.892166244111582,2.83454077841033,0.9120531971988494,1.4509320118807996,0.46685769717385817,20.811606302572176,6.696425823780099,56.306306306306304,807.6358296622615
conf010,0.1,PNOA_area_LiDAR_508000_4179000_512000_4183000_08_01,8,1,508228.0,4181311.0,508000.0,4181200.0,508456.0,4181422.0,10.1232,0.0,0.0,0.0,0.0,0.0,0.0,0.0,0.0,714,0,0,714,0.39494993837535014,,,,,,,0.0,0.0,0.0,0.0,,,0.0,
conf010,0.1,PNOA_area_LiDAR_508000_4179000_512000_4183000_08_02,8,2,508672.0,4181311.0,508456.0,4181200.0,508888.0,4181422.0,9.5904,0.0,0.0,0.0,0.0,0.0,0.0,0.0,0.0,165,0,0,165,0.3682128424242424,,,,,,,0.0,0.0,0.0,0.0,,,0.0,
conf010,0.1,PNOA_area_LiDAR_508000_4179000_512000_4183000_08_03,8,3,509104.0,4181311.0,508888.0,4181200.0,509320.0,4181422.0,9.5904,0.0,0.0,0.0,0.0,0.0,0.0,0.0,0.0,3,0,0,3,0.17041866666666666,,,,,,,0.0,0.0,0.0,0.0,,,0.0,
conf010,0.1,PNOA_area_LiDAR_508000_4179000_512000_4183000_08_04,8,4,509536.0,4181311.0,509320.0,4181200.0,509752.0,4181422.0,9.5904,3.7586,39.191274607941274,2.0035,1.1145,0.4827,0.1418,0.0161,0.0,355,355,352,3,0.3441741408450704,12.181633852569151,12.814056396484375,2.6455414295196533,22.23974609375,9.002002077267315,8.837565878261769,199.92323841519715,88.11380739746174,20.846183518434803,9.18770931321548,53.19087916117628,23.44325211447394,36.70337003670337,93.65189166178897
conf010,0.1,PNOA_area_LiDAR_508000_4179000_512000_4183000_08_05,8,5,509968.0,4181311.0,509752.0,4181200.0,510184.0,4181422.0,9.5904,7.424,77.41074407741074,2.4072,3.7881,1.108,0.116,0.0047,0.0,822,822,822,0,0.3241626581508516,11.663493886771283,11.5665283203125,3.216278076171875,21.908239364624023,8.16930325433432,7.87699308993337,346.63455775682047,145.34796154666867,36.143910343345475,15.155568229340659,46.69107728405448,19.578119820402566,85.7107107107107,110.72198275862068
conf010,0.1,PNOA_area_LiDAR_508000_4179000_512000_4183000_08_06,8,6,510400.0,4181311.0,510184.0,4181200.0,510616.0,4181422.0,9.5904,7.3267,76.39618785452117,1.921,4.0834,1.2754,0.0469,0.0,0.0,868,868,868,0,0.3462780841013825,11.769547857172478,11.803106784820557,3.624438524246216,18.4122314453125,8.14058032275963,7.930714019245361,363.58524644203163,151.4122438344192,37.91137454559055,15.78789662938138,49.62469412450785,20.665817330369634,90.50717384050716,118.47079858599369
conf010,0.1,PNOA_area_LiDAR_508000_4179000_512000_4183000_08_07,8,7,510832.0,4181311.0,510616.0,4181200.0,511048.0,4181422.0,9.5904,4.9376,51.48481815148481,2.0452,2.4309,0.4499,0.0116,0.0,0.0,613,605,605,8,0.32536146003262645,9.518445001554884,9.963598251342773,2.0515503883361816,16.052906036376953,8.354076983342877,8.169723606702437,187.95716179459387,76.16538833780145,19.598469489759953,7.9418364549759595,38.06650230771911,15.42558901851131,63.083917250583916,122.52916396629942
conf010,0.1,PNOA_area_LiDAR_508000_4179000_512000_4183000_08_08,8,8,511264.0,4181311.0,511048.0,4181200.0,511480.0,4181422.0,9.5904,0.2883,3.006131131131131,0.1999,0.087,0.0014,0.0,0.0,0.0,150,74,74,76,0.32001071999999997,5.7798222561140316,6.188086032867432,2.02197265625,11.318695068359375,9.105945856297545,8.68308331379706,13.4088624931122,5.248184651509545,1.398154664363551,0.5472331343332442,46.510102300077,18.203900976446565,7.716049382716049,256.6770724939299
conf010,0.1,PNOA_area_LiDAR_508000_4179000_512000_4183000_08_09,8,9,511696.0,4181311.0,511480.0,4181200.0,511912.0,4181422.0,9.5904,0.1688,1.7600934267600934,0.1648,0.0039,0.0001,0.0,0.0,0.0,166,77,77,89,0.2951239879518072,3.2055390593293427,2.954785108566284,2.0107421875,7.8485107421875,8.197800385903259,7.739006554129681,3.379259615719972,1.0961560739354936,0.35235856853936975,0.11429722158987045,20.019310519668082,6.493815603883256,8.02886219552886,456.1611374407583
conf010,0.1,PNOA_area_LiDAR_508000_4179000_512000_4183000_08_10,8,10,511956.0,4181311.0,511912.0,4181200.0,512000.0,4181422.0,1.9536,0.0666,3.4090909090909096,0.0524,0.0123,0.0019,0.0,0.0,0.0,43,28,28,15,0.3857608372093023,4.96139656645911,3.1443389654159546,2.014404296875,11.0093994140625,7.078496895841539,6.960108456466863,3.510410333157115,1.3928685026136367,1.7968930861778845,0.7129752777506331,52.708863861217935,20.913941480685235,14.332514332514332,420.4204204204204
conf010,0.1,PNOA_area_LiDAR_508000_4179000_512000_4183000_09_01,9,1,508228.0,4181089.0,508000.0,4180978.0,508456.0,4181200.0,10.1232,0.3935,3.887110795005532,0.1316,0.1557,0.0956,0.0106,0.0,0.0,759,98,98,661,0.40416465744400526,10.74499879807842,11.708604335784912,2.0814545154571533,16.97344970703125,8.40331694063092,8.081259996341274,42.180885876360854,18.031669763355183,4.16675417618548,1.7812223173853308,107.19411912671119,45.82381134270694,9.68073336494389,249.04701397712833
conf010,0.1,PNOA_area_LiDAR_508000_4179000_512000_4183000_09_02,9,2,508672.0,4181089.0,508456.0,4180978.0,508888.0,4181200.0,9.5904,0.1739,1.8132716049382713,0.0596,0.0827,0.0285,0.0031,0.0,0.0,181,38,38,143,0.3597889281767956,10.34534039622859,10.545045375823975,3.2995879650115967,17.457836151123047,10.178073157824691,9.8929993701967,19.79466600872022,8.592931792513225,2.0640083842926487,0.8959930547749024,113.82786664013928,49.41306378673505,3.9622956289622953,218.5163887291547
conf010,0.1,PNOA_area_LiDAR_508000_4179000_512000_4183000_09_03,9,3,509104.0,4181089.0,508888.0,4180978.0,509320.0,4181200.0,9.5904,0.1556,1.6224557891224556,0.1179,0.0333,0.0044,0.0,0.0,0.0,7,7,7,0,0.24800571428571427,9.225264617374965,9.14434814453125,4.994158744812012,12.738146781921387,11.576555140069686,11.617045501585752,3.5579112600034355,1.532971768959775,0.3709867429933512,0.15984440367031352,22.865753598993802,9.852003656553824,0.7298965632298965,44.987146529562985
conf010,0.1,PNOA_area_LiDAR_508000_4179000_512000_4183000_09_04,9,4,509536.0,4181089.0,509320.0,4180978.0,509752.0,4181200.0,9.5904,4.8253,50.31385552218885,2.2365,1.8282,0.6702,0.0873,0.0026,0.0005,517,515,515,2,0.3579563810444874,11.00205671208576,11.4095458984375,2.182482957839966,18.53289794921875,8.961510861060336,8.598397876360252,253.76509584019877,110.33711686623619,26.4603244744952,11.504954628194463,52.59053236901307,22.866374498214864,53.699532866199526,106.7291152881686
conf010,0.1,PNOA_area_LiDAR_508000_4179000_512000_4183000_09_05,9,5,509968.0,4181089.0,509752.0,4180978.0,510184.0,4181200.0,9.5904,7.5303,78.51914414414415,1.6244,4.0945,1.708,0.1034,0.0,0.0,910,909,909,1,0.34033635384615385,11.991604280681631,12.051440238952637,2.557373046875,17.735986709594727,7.92538673081016,7.776283507532842,381.2152473919491,159.203264260644,39.74967127460263,16.60027363411787,50.62417797324795,21.141689475936417,94.78228228228228,120.71232221823831
conf010,0.1,PNOA_area_LiDAR_508000_4179000_512000_4183000_09_06,9,6,510400.0,4181089.0,510184.0,4180978.0,510616.0,4181200.0,9.5904,6.9667,72.64243410076743,1.8354,3.5743,1.4325,0.1243,0.0002,0.0,849,847,847,2,0.358083371024735,11.780058443053695,11.768651962280273,2.34619140625,18.095458984375,7.994249946135451,7.802530912114061,346.8634147013658,144.3107332328456,36.16777347153047,15.04741546054863,49.78876867115934,20.71436020394815,88.31748415081748,121.57836565375284
conf010,0.1,PNOA_area_LiDAR_508000_4179000_512000_4183000_09_07,9,7,510832.0,4181089.0,510616.0,4180978.0,511048.0,4181200.0,9.5904,5.0515,52.67246413079746,1.8117,2.722,0.4975,0.0196,0.0007,0.0,658,632,632,26,0.32860483130699086,9.525171973282777,9.586346626281738,2.01220703125,18.850635528564453,8.312580546896095,8.091691708003466,189.93093063696168,76.34768299127067,19.80427621756774,7.960844489413441,37.598917279414366,15.113863801102777,65.89923256589923,125.1113530634465
conf010,0.1,PNOA_area_LiDAR_508000_4179000_512000_4183000_09_08,9,8,511264.0,4181089.0,511048.0,4180978.0,511480.0,4181200.0,9.5904,1.4726,15.354938271604937,0.7336,0.6778,0.0612,0.0,0.0,0.0,420,298,298,122,0.34245217142857143,7.647493422431434,8.373092651367188,2.009033203125,13.38726806640625,9.272697925122863,9.09690938938796,80.31741683454742,32.257793266755144,8.374772359291313,3.3635503489692966,54.541231043424844,21.9053329259508,31.07273940607274,202.36316718728781
conf010,0.1,PNOA_area_LiDAR_508000_4179000_512000_4183000_09_09,9,9,511696.0,4181089.0,511480.0,4180978.0,511912.0,4181200.0,9.5904,0.253,2.6380547213880545,0.2313,0.0212,0.0005,0.0,0.0,0.0,210,87,86,124,0.3511742523809524,3.799578225475618,3.129956007003784,2.001708984375,9.325983047485352,7.9560404927994055,7.428831666491085,5.828842375383787,2.042833545484186,0.6077788596287732,0.21300816915709314,23.038902669501134,8.074440891241842,8.9673006339673,339.9209486166008
conf010,0.1,PNOA_area_LiDAR_508000_4179000_512000_4183000_09_10,9,10,511956.0,4181089.0,511912.0,4180978.0,512000.0,4181200.0,1.9536,0.1268,6.49058149058149,0.1151,0.0117,0.0,0.0,0.0,0.0,119,60,60,59,0.36821353781512606,3.647009027004242,3.160058617591858,2.0040283203125,7.230703830718994,6.342145470602352,6.08837282094176,2.678350717578987,0.8897501440550168,1.3709821445428885,0.45544131042947217,21.122639728540907,7.01695697204272,30.71253071253071,473.18611987381706
conf010,0.1,PNOA_area_LiDAR_508000_4179000_512000_4183000_10_01,10,1,508228.0,4180867.0,508000.0,4180756.0,508456.0,4180978.0,10.1232,2.4976,24.67204046151414,0.8428,1.0982,0.5092,0.0474,0.0,0.0,396,389,389,7,0.392866898989899,11.068530164831401,11.67047119140625,2.1108460426330566,18.624053955078125,8.852796581691761,8.54951921069089,185.79323945125955,80.00283108968634,18.35321236874304,7.902919145100989,74.38870894108727,32.03188304359639,38.426584479216054,155.74951953875723
conf010,0.1,PNOA_area_LiDAR_508000_4179000_512000_4183000_10_02,10,2,508672.0,4180867.0,508456.0,4180756.0,508888.0,4180978.0,9.5904,1.9816,20.662328995662328,0.5271,0.908,0.4715,0.0729,0.0021,0.0,225,221,221,4,0.3613043288888889,10.87841454997861,11.030306816101074,2.03802490234375,19.952423095703125,8.694015794595998,8.42946015949001,97.48085492081319,41.51849262566909,10.164420141059098,4.3291721539945245,49.19300308882377,20.95200475659522,23.043877210543876,111.52603956398869
conf010,0.1,PNOA_area_LiDAR_508000_4179000_512000_4183000_10_03,10,3,509104.0,4180867.0,508888.0,4180756.0,509320.0,4180978.0,9.5904,1.7991,18.759384384384383,0.7607,0.8233,0.1969,0.0164,0.0018,0.0,190,184,184,6,0.3249531526315789,9.135641923417216,9.61948537826538,2.025744676589966,22.4268741607666,8.690132843845811,8.4790993899731,60.10859341351139,24.97102538953731,6.267579393300737,2.60375223030711,33.41036819160213,13.879731748950759,19.18585251918585,102.27335890167306
conf010,0.1,PNOA_area_LiDAR_508000_4179000_512000_4183000_10_04,10,4,509536.0,4180867.0,509320.0,4180756.0,509752.0,4180978.0,9.5904,7.8277,81.62016182849516,1.8792,5.0017,0.9366,0.0102,0.0,0.0,724,722,722,2,0.3168479364640884,10.425566267108653,10.444869995117188,2.199078321456909,16.06879234313965,8.197655474937452,8.01144747506629,247.31298813141055,100.58265687290479,25.787557154176106,10.487847938866448,31.59459204254258,12.849579937006373,75.28361695028362,92.23654457886735
conf010,0.1,PNOA_area_LiDAR_508000_4179000_512000_4183000_10_05,10,5,509968.0,4180867.0,509752.0,4180756.0,510184.0,4180978.0,9.5904,8.1574,85.05797464130798,1.4169,5.2832,1.4229,0.0342,0.0002,0.0,976,976,976,0,0.3423664067622951,10.943870846853882,10.836685180664062,2.1153564453125,19.3511962890625,7.624393716366525,7.381524670756984,315.89206484856516,127.19843482423046,32.938361783509045,13.263100060918257,38.7246015701774,15.593011844978847,101.76843510176843,119.64596562630248
conf010,0.1,PNOA_area_LiDAR_508000_4179000_512000_4183000_10_06,10,6,510400.0,4180867.0,510184.0,4180756.0,510616.0,4180978.0,9.5904,7.4737,77.92897063730396,1.5893,4.2819,1.5599,0.0425,0.0001,0.0,875,875,875,0,0.35388542285714286,11.242118208203998,11.211230278015137,2.739575147628784,16.90241050720215,8.015584208879543,7.869058831865666,329.6177891887324,135.54152329218684,34.36955592975605,14.13304171798745,44.103695517445495,18.135799308533503,91.23707040373706,117.07721744249837
conf010,0.1,PNOA_area_LiDAR_508000_4179000_512000_4183000_10_07,10,7,510832.0,4180867.0,510616.0,4180756.0,511048.0,4180978.0,9.5904,2.5804,26.906072739406074,1.5261,0.9864,0.0648,0.0031,0.0,0.0,497,400,400,97,0.35743610060362174,6.36866614818573,6.500012159347534,2.02880859375,16.133373260498047,8.770361472171205,8.482117818533819,74.54714236142192,29.152194800599684,7.773100429744527,3.0397266850808813,28.889762192459276,11.297548752363852,41.70837504170837,155.0147263990079
conf010,0.1,PNOA_area_LiDAR_508000_4179000_512000_4183000_10_08,10,8,511264.0,4180867.0,511048.0,4180756.0,511480.0,4180978.0,9.5904,2.0417,21.288997330663996,1.0764,0.8857,0.0795,0.0001,0.0,0.0,500,421,421,79,0.378098622,7.442190956899503,8.350042343139648,2.0115966796875,14.36383056640625,8.948015454972593,8.94406650449757,107.4487569974645,43.07748019018653,11.20378263653909,4.491729249060157,52.62710339298844,21.09882950001789,43.89806473139806,206.20071509036586
conf010,0.1,PNOA_area_LiDAR_508000_4179000_512000_4183000_10_09,10,9,511696.0,4180867.0,511480.0,4180756.0,511912.0,4180978.0,9.5904,0.7108,7.411578244911578,0.5789,0.1299,0.002,0.0,0.0,0.0,376,224,222,154,0.3601370930851064,4.550470106303692,3.7018401622772217,2.000732421875,10.31951904296875,8.387145771199451,8.326427408032451,22.050239303090365,8.112692028039875,2.2991991265317777,0.845918004258412,31.021721022918353,11.413466556049347,23.148148148148145,312.3241418120428
conf010,0.1,PNOA_area_LiDAR_508000_4179000_512000_4183000_10_10,10,10,511956.0,4180867.0,511912.0,4180756.0,512000.0,4180978.0,1.9536,0.1749,8.952702702702704,0.1359,0.0316,0.0063,0.0011,0.0,0.0,159,87,87,72,0.43856233333333333,5.0670731478723985,3.614398241043091,2.001953125,16.057031631469727,6.723940199130531,6.0923916885143,8.430346305918475,3.20046792691584,4.31528783062985,1.6382411583312038,48.20095086288436,18.298844636454202,44.533169533169534,497.4271012006861
conf010,0.1,PNOA_area_LiDAR_508000_4179000_512000_4183000_11_01,11,1,508228.0,4180645.0,508000.0,4180534.0,508456.0,4180756.0,10.1232,3.5463,35.031412991939305,1.2999,1.5665,0.5814,0.098,0.0005,0.0,457,457,454,3,0.3259428315098468,12.451942251339,12.630483627319336,2.3094482421875,18.9840087890625,8.658641082564424,8.529537462790689,236.7138799816578,101.74272269487231,23.38330567228325,10.050450716658004,66.74953613108248,28.689823955918087,44.84747905800537,128.02075402532216
conf010,0.1,PNOA_area_LiDAR_508000_4179000_512000_4183000_11_02,11,2,508672.0,4180645.0,508456.0,4180534.0,508888.0,4180756.0,9.5904,1.1522,12.014097430764096,0.4133,0.5645,0.1586,0.0157,0.0001,0.0,159,154,154,5,0.3553941823899371,10.01405192660047,10.166563034057617,2.5412964820861816,17.329635620117188,9.37516546406707,9.356503724786336,67.67031810260544,28.808919717959167,7.056047516537937,3.0039330703577707,58.7313991517145,25.003401942335678,16.05772439105772,133.6573511543135
conf010,0.1,PNOA_area_LiDAR_508000_4179000_512000_4183000_11_03,11,3,509104.0,4180645.0,508888.0,4180534.0,509320.0,4180756.0,9.5904,2.4891,25.95407907907908,1.013,1.2903,0.1764,0.0094,0.0,0.0,171,169,169,2,0.27931098245614033,9.561251439991787,9.216176986694336,2.368609666824341,17.740102767944336,9.03593450078643,8.516891687391322,60.097658768441065,24.803827252510334,6.266439227606884,2.58631832379362,24.14433279837735,9.964978205982217,17.621788455121788,67.89602667630871
conf010,0.1,PNOA_area_LiDAR_508000_4179000_512000_4183000_11_04,11,4,509536.0,4180645.0,509320.0,4180534.0,509752.0,4180756.0,9.5904,5.5315,57.677469135802475,1.9503,2.7371,0.8131,0.031,0.0,0.0,717,709,709,8,0.34500410460251046,10.491099362985372,11.082837104797363,2.0069580078125,17.893360137939453,8.325009363570762,8.203414600633469,262.87579965576833,108.77266531476744,27.410306103579444,11.34182779808636,47.52342034814577,19.664225854608592,73.92809476142808,128.17499774021513
conf010,0.1,PNOA_area_LiDAR_508000_4179000_512000_4183000_11_05,11,5,509968.0,4180645.0,509752.0,4180534.0,510184.0,4180756.0,9.5904,7.2971,76.08754587921254,1.9755,4.0132,1.2481,0.0603,0.0,0.0,912,912,912,0,0.3590984265350877,11.987317901170044,12.182665824890137,3.0763611793518066,17.783838272094727,7.90263251184206,7.61710580335942,373.2674120327786,155.02603855024975,38.92094302977755,16.16471039271039,51.15284318877069,21.24488338521464,95.09509509509509,124.98115689794575
conf010,0.1,PNOA_area_LiDAR_508000_4179000_512000_4183000_11_06,11,6,510400.0,4180645.0,510184.0,4180534.0,510616.0,4180756.0,9.5904,7.8941,82.31252085418751,1.7521,4.6746,1.4232,0.0442,0.0,0.0,880,880,880,0,0.34231902045454543,11.731709218567067,11.77030611038208,5.331072807312012,17.664306640625,8.178568027434432,7.903242100292514,365.74799717325277,152.11531055355985,38.1368865921393,15.861206055384535,46.33181707518942,19.26949374261282,91.75842509175841,111.47565903649561
conf010,0.1,PNOA_area_LiDAR_508000_4179000_512000_4183000_11_07,11,7,510832.0,4180645.0,510616.0,4180534.0,511048.0,4180756.0,9.5904,2.8246,29.452369035702368,1.2606,1.1036,0.4134,0.044,0.0028,0.0002,494,420,420,74,0.35980113562753036,9.097233277843111,8.793405055999756,2.0015869140625,17.639820098876953,9.013449469906814,8.81344021982564,146.97796580746726,61.63542405712297,15.325530301913085,6.426783456073048,52.03496629875637,21.820938914226073,43.79379379379379,148.69362033562274
conf010,0.1,PNOA_area_LiDAR_508000_4179000_512000_4183000_11_08,11,8,511264.0,4180645.0,511048.0,4180534.0,511480.0,4180756.0,9.5904,2.1474,22.39114114114114,1.3298,0.7482,0.0691,0.0003,0.0,0.0,561,450,450,111,0.364795064171123,6.997650208473206,7.465963840484619,2.0072021484375,13.955530166625977,9.24921505347136,9.058542220035331,111.67129203683994,44.982140631556405,11.644070324161655,4.690329979099558,52.00302320799103,20.947257442282016,46.92192192192192,209.55574182732605
conf010,0.1,PNOA_area_LiDAR_508000_4179000_512000_4183000_11_09,11,9,511696.0,4180645.0,511480.0,4180534.0,511912.0,4180756.0,9.5904,0.465,4.848598598598598,0.4129,0.0509,0.0012,0.0,0.0,0.0,452,258,258,194,0.38558900663716816,3.1938976659331213,2.4966002702713013,2.002197265625,10.48516845703125,7.506606017550712,6.7353579491115205,13.243276790102621,4.608975551890718,1.38088888785688,0.4805822021908072,28.480165140005635,9.911775380410146,26.9019019019019,554.8387096774193
conf010,0.1,PNOA_area_LiDAR_508000_4179000_512000_4183000_11_10,11,10,511956.0,4180645.0,511912.0,4180534.0,512000.0,4180756.0,1.9536,0.0722,3.6957411957411956,0.0532,0.019,0.0,0.0,0.0,0.0,250,59,59,191,0.51513744,3.5953650353318554,2.2850098609924316,2.0010986328125,8.162389755249023,6.109395316544156,5.368714413974263,3.140916644988458,1.1164123716002539,1.6077583154117823,0.5714641541770341,43.50300062310884,15.462775229920414,30.200655200655202,817.1745152354571
conf010,0.1,PNOA_area_LiDAR_508000_4179000_512000_4183000_12_01,12,1,508228.0,4180423.0,508000.0,4180312.0,508456.0,4180534.0,10.1232,4.5612,45.05689900426743,1.9987,1.7738,0.6564,0.1316,0.0007,0.0,776,776,776,0,0.3529462731958763,11.900219138750096,12.657418727874756,2.13824462890625,20.040447235107422,8.336271982770327,8.107172025339278,367.43397860292976,157.24015992235235,36.29622832730063,15.532653698667648,80.556427826653,34.4734192586057,76.65560297139244,170.1306673682364
conf010,0.1,PNOA_area_LiDAR_508000_4179000_512000_4183000_12_02,12,2,508672.0,4180423.0,508456.0,4180312.0,508888.0,4180534.0,9.5904,2.4476,25.521354688021354,1.1559,0.96,0.3149,0.0168,0.0,0.0,366,363,363,3,0.36568946721311474,10.434569532221014,10.996124267578125,2.257956027984619,16.8214168548584,9.227003439706507,8.92948560300554,166.0662099711322,70.82051260960623,17.31587941807768,7.384521251418733,67.84859044416253,28.93467584965118,37.85035035035035,148.30854714822684
conf010,0.1,PNOA_area_LiDAR_508000_4179000_512000_4183000_12_03,12,3,509104.0,4180423.0,508888.0,4180312.0,509320.0,4180534.0,9.5904,0.8858,9.23631965298632,0.5751,0.2468,0.056,0.0073,0.0006,0.0,208,190,190,18,0.36815540384615386,6.064935611423693,4.761143445968628,2.05303955078125,18.09120750427246,8.672678719264182,8.415405194320744,33.44884102364093,13.228204080921557,3.487742015311241,1.3793172423383337,37.76116620415549,14.933623934208125,19.811478144811478,214.49537141566944
conf010,0.1,PNOA_area_LiDAR_508000_4179000_512000_4183000_12_04,12,4,509536.0,4180423.0,509320.0,4180312.0,509752.0,4180534.0,9.5904,5.9896,62.454120787454116,2.5904,2.7345,0.6417,0.023,0.0,0.0,782,778,778,4,0.33691391432225065,10.667154573229714,10.78155517578125,2.0831298828125,17.786029815673828,8.338710621387449,8.017774291145642,289.54922024591883,119.28367628105795,30.191568677627505,12.437820766710246,48.34199616767711,19.9151322761216,81.12278945612279,129.8918124749566
conf010,0.1,PNOA_area_LiDAR_508000_4179000_512000_4183000_12_05,12,5,509968.0,4180423.0,509752.0,4180312.0,510184.0,4180534.0,9.5904,6.7287,70.16078578578579,2.022,3.1591,1.413,0.1343,0.0003,0.0,977,977,977,0,0.37739440941658137,13.093782668714026,13.526293754577637,2.449871778488159,19.03656005859375,7.728040754808461,7.512188851952354,446.51248727746463,187.49271215150904,46.55827570043633,19.55004089000553,66.35939888499482,27.86462647339145,101.8727060393727,145.19892401206772
conf010,0.1,PNOA_area_LiDAR_508000_4179000_512000_4183000_12_06,12,6,510400.0,4180423.0,510184.0,4180312.0,510616.0,4180534.0,9.5904,8.3911,87.49478645311977,1.9198,5.2176,1.2091,0.0446,0.0,0.0,826,826,826,0,0.30229901573849877,11.881888581823207,11.853234767913818,4.505224704742432,17.82330894470215,8.086309976959035,7.859184211565035,342.57893439498065,142.32919084640685,35.72102669283665,14.840798178012058,40.82646308529045,16.961922852356288,86.12779446112779,98.4376303464385
conf010,0.1,PNOA_area_LiDAR_508000_4179000_512000_4183000_12_07,12,7,510832.0,4180423.0,510616.0,4180312.0,511048.0,4180534.0,9.5904,4.7534,49.56414748081415,1.561,2.6383,0.5367,0.0173,0.0001,0.0,520,497,497,23,0.33388845384615384,9.857168423577813,9.976000785827637,2.02880859375,17.074634552001953,8.658511966519015,8.296797129089184,174.78084390859038,71.97464086195434,18.224562469614444,7.50486328640665,36.76964781179585,15.141717688802613,51.822655989322655,104.55673833466571
conf010,0.1,PNOA_area_LiDAR_508000_4179000_512000_4183000_12_08,12,8,511264.0,4180423.0,511048.0,4180312.0,511480.0,4180534.0,9.5904,1.8399,19.184809809809806,1.0739,0.7183,0.0477,0.0,0.0,0.0,526,362,362,164,0.37804111406844104,6.80580163792352,7.388470411300659,2.022705078125,12.105486869812012,9.108358590499837,8.888835798763854,81.72333921875801,32.50432049142388,8.521369204491783,3.3892559738304846,44.41727225325181,17.666351699235765,37.74607941274608,196.7498233599652
conf010,0.1,PNOA_area_LiDAR_508000_4179000_512000_4183000_12_09,12,9,511696.0,4180423.0,511480.0,4180312.0,511912.0,4180534.0,9.5904,1.2471,13.003628628628627,0.8809,0.3389,0.0272,0.0001,0.0,0.0,352,216,215,137,0.39645215056818184,5.650399610952094,4.937222242355347,2.0013427734375,13.051403999328613,9.00766828697124,8.574285195453342,41.852463080076866,16.808397595680965,4.363995566407747,1.7526273769270275,33.55982926796317,13.477987006399617,22.41825158491825,172.39996792558736
conf010,0.1,PNOA_area_LiDAR_508000_4179000_512000_4183000_12_10,12,10,511956.0,4180423.0,511912.0,4180312.0,512000.0,4180534.0,1.9536,0.0162,0.8292383292383292,0.0162,0.0,0.0,0.0,0.0,0.0,172,54,54,118,0.39806406976744185,2.255792335227684,2.2525298595428467,2.001708984375,2.77618408203125,4.964977193171321,4.752249583453948,0.46891878321941766,0.11965600721536405,0.2400280421884816,0.06124897994234442,28.94560390243319,7.386173284899016,27.64127764127764,3333.3333333333335
conf010,0.1,PNOA_area_LiDAR_508000_4179000_512000_4183000_13_01,13,1,508228.0,4180201.0,508000.0,4180090.0,508456.0,4180312.0,10.1232,4.4101,43.56428797218271,1.9666,1.5776,0.6919,0.1718,0.0022,0.0,784,783,783,1,0.35550211352040817,12.807218401520341,13.383386611938477,2.3758575916290283,20.217082977294922,8.144798873778296,7.910736583185134,394.98983034541766,169.52487044667205,39.018277851412364,16.746174178784578,89.56482400521931,38.440142048178515,77.34708392603129,177.54699439921998
conf010,0.1,PNOA_area_LiDAR_508000_4179000_512000_4183000_13_02,13,2,508672.0,4180201.0,508456.0,4180090.0,508888.0,4180312.0,9.5904,3.5703,37.22785285285285,1.1642,1.5455,0.7534,0.1062,0.001,0.0,367,367,367,0,0.3693345258855586,13.269101771087023,13.7081298828125,2.172293186187744,20.74346923828125,8.570096408414923,8.411214388791706,210.70443318671903,91.37704937193415,21.970348805755652,9.52797061352333,59.01589031362043,25.593661421150646,38.26743410076743,102.79248242444612
conf010,0.1,PNOA_area_LiDAR_508000_4179000_512000_4183000_13_03,13,3,509104.0,4180201.0,508888.0,4180090.0,509320.0,4180312.0,9.5904,3.3476,34.90573907240574,1.2434,1.4871,0.5685,0.0477,0.0009,0.0,456,441,441,15,0.3602555350877193,10.236881223665614,11.249608993530273,2.06976318359375,19.419845581054688,8.277885921231041,8.063599158752734,170.35598420938797,72.02588831620164,17.763178200011257,7.510206906510848,50.88899038397299,21.515679387083775,45.98348348348348,131.7361691958418
conf010,0.1,PNOA_area_LiDAR_508000_4179000_512000_4183000_13_04,13,4,509536.0,4180201.0,509320.0,4180090.0,509752.0,4180312.0,9.5904,4.1195,42.95441274607941,1.9008,1.6847,0.4966,0.0374,0.0,0.0,652,641,641,11,0.34555447239263803,10.369497880920791,10.538415908813477,2.12725830078125,18.1151123046875,8.270142661663575,8.114085192625284,231.61089776055528,95.8774592647001,24.150285468860034,9.99723257264557,56.22306050747791,23.27405249780315,66.83767100433766,155.60140793785652
conf010,0.1,PNOA_area_LiDAR_508000_4179000_512000_4183000_13_05,13,5,509968.0,4180201.0,509752.0,4180090.0,510184.0,4180312.0,9.5904,6.6246,69.07532532532532,2.3508,3.0973,1.0929,0.0836,0.0,0.0,938,936,936,2,0.3369498198294243,12.195128498933254,12.251489162445068,3.0212645530700684,17.780736923217773,7.809185232957715,7.5265106448236665,386.6010071478693,160.7763084397959,40.31124949406378,16.764296425570976,58.35839252903863,24.269587362225028,97.59759759759758,141.29154967847114
conf010,0.1,PNOA_area_LiDAR_508000_4179000_512000_4183000_13_06,13,6,510400.0,4180201.0,510184.0,4180090.0,510616.0,4180312.0,9.5904,8.0482,83.91933600266933,2.0861,4.3253,1.5654,0.0714,0.0,0.0,910,910,910,0,0.3337403186813187,12.484395657528887,12.55999755859375,4.41241455078125,18.269481658935547,8.16576093350762,8.010481944994712,421.84858369614125,177.53623291259845,43.98654734903041,18.511869464526864,52.41527095451669,22.059122898610678,94.88655321988655,113.068760716682
conf010,0.1,PNOA_area_LiDAR_508000_4179000_512000_4183000_13_07,13,7,510832.0,4180201.0,510616.0,4180090.0,511048.0,4180312.0,9.5904,4.796,50.00834167500834,1.771,2.3666,0.6517,0.0067,0.0,0.0,535,514,514,21,0.33815704672897196,10.29674080420097,10.9612455368042,2.05810546875,15.752019882202148,8.283162877511984,7.907732659341245,176.1051538624691,71.97973282893587,18.36264951018405,7.505394230578063,36.719173032207905,15.008284576508728,53.59526192859526,107.17264386989157
conf010,0.1,PNOA_area_LiDAR_508000_4179000_512000_4183000_13_08,13,8,511264.0,4180201.0,511048.0,4180090.0,511480.0,4180312.0,9.5904,1.5807,16.482107107107105,1.0071,0.5476,0.026,0.0,0.0,0.0,566,358,357,209,0.3840726890459364,6.323967833092759,6.56158447265625,2.0098876953125,12.331182479858398,9.097043689698918,8.90518235659453,68.02368921420559,26.39537516846929,7.092893853666748,2.7522705172327835,43.03390220421686,16.69853556555279,37.22472472472472,225.84930726893148
conf010,0.1,PNOA_area_LiDAR_508000_4179000_512000_4183000_13_09,13,9,511696.0,4180201.0,511480.0,4180090.0,511912.0,4180312.0,9.5904,0.1388,1.4472806139472807,0.1268,0.01,0.002,0.0,0.0,0.0,663,191,191,472,0.4146000452488688,2.4870022266947163,2.192553758621216,2.0020751953125,12.039599418640137,5.733801636014759,5.516122303070635,3.5096746373696766,1.0922243417573894,0.36595706512446574,0.11388725618925064,25.28584032687087,7.869051453583497,19.915749082415747,1376.0806916426511
conf010,0.1,PNOA_area_LiDAR_508000_4179000_512000_4183000_13_10,13,10,511956.0,4180201.0,511912.0,4180090.0,512000.0,4180312.0,1.9536,0.0308,1.5765765765765767,0.0285,0.0023,0.0,0.0,0.0,0.0,215,50,50,165,0.4319599720930233,2.3880449151992797,2.1773895025253296,2.0054931640625,6.1395263671875,4.8598458133520746,4.712036085643483,0.5781151346626947,0.16398686426693027,0.29592298047844734,0.08394086008749502,18.769971904632943,5.324248839835398,25.593775593775593,1623.3766233766232
conf010,0.1,PNOA_area_LiDAR_508000_4179000_512000_4183000_14_01,14,1,508228.0,4179979.0,508000.0,4179868.0,508456.0,4180090.0,10.1232,3.6498,36.053816974869605,1.4265,1.5582,0.5825,0.0797,0.0029,0.0,527,525,525,2,0.3361847571157495,12.35135385013762,12.796255111694336,2.45159912109375,21.28139877319336,8.247544356925788,7.9601616388756185,250.68024703857637,106.7586055039607,24.762945218762482,10.545934635684436,68.6832832041691,29.2505357838678,51.8610715979137,143.84349827387803
conf010,0.1,PNOA_area_LiDAR_508000_4179000_512000_4183000_14_02,14,2,508672.0,4179979.0,508456.0,4179868.0,508888.0,4180090.0,9.5904,2.0082,20.93968968968969,0.6796,0.9586,0.3496,0.0203,0.0001,0.0,265,265,265,0,0.3457059547169811,11.634881244515473,12.385449409484863,2.114758253097534,18.083541870117188,8.629228031879235,8.313572403324864,128.04430379355358,54.81876646585743,13.351299611439938,5.716004177704519,63.76073289191992,27.297463632037363,27.631798465131798,131.95896823025595
conf010,0.1,PNOA_area_LiDAR_508000_4179000_512000_4183000_14_03,14,3,509104.0,4179979.0,508888.0,4179868.0,509320.0,4180090.0,9.5904,4.901,51.10318651985318,1.9042,2.177,0.7376,0.0819,0.0003,0.0,582,580,580,2,0.3373125034364261,11.062298796505763,11.02921438217163,2.0613067150115967,19.229503631591797,8.36542745486938,8.153781169471863,238.10170909070655,99.93054343753634,24.827088452067333,10.419851459536238,48.58227077957694,20.389827267401827,60.47714381047714,118.34319526627219
conf010,0.1,PNOA_area_LiDAR_508000_4179000_512000_4183000_14_04,14,4,509536.0,4179979.0,509320.0,4179868.0,509752.0,4180090.0,9.5904,4.5327,47.26288788788789,2.3194,1.9677,0.2432,0.0024,0.0,0.0,655,650,650,5,0.347411320610687,9.207899351853591,9.368759155273438,2.01165771484375,16.258071899414062,7.992556441356864,7.753183994282443,174.73015223661244,69.29514242527793,18.219276801448576,7.225469472105223,38.54880142886413,15.287828981683749,67.7761094427761,143.40238709819755
conf010,0.1,PNOA_area_LiDAR_508000_4179000_512000_4183000_14_05,14,5,509968.0,4179979.0,509752.0,4179868.0,510184.0,4180090.0,9.5904,4.2372,44.181681681681674,1.7933,1.7307,0.6377,0.0755,0.0,0.0,616,607,607,9,0.36124509415584416,10.466577796213317,10.415661811828613,2.0299072265625,18.46875,8.205833390541224,7.986007430130395,221.8976605510806,92.21212570319871,23.13747711785542,9.61504480555542,52.36893716394804,21.762514326252884,63.292459125792455,143.25497970357785
conf010,0.1,PNOA_area_LiDAR_508000_4179000_512000_4183000_14_06,14,6,510400.0,4179979.0,510184.0,4179868.0,510616.0,4180090.0,9.5904,8.1426,84.90365365365365,2.2435,4.7742,1.0794,0.0454,0.0001,0.0,793,793,793,0,0.323269578814628,11.323469043830304,11.37310791015625,3.883227586746216,18.062768936157227,7.8932109071308325,7.639071063951609,292.73414940697097,120.17556111005273,30.523664227453594,12.530818434064557,35.95094311484919,14.758868311111037,82.68685352018684,97.38904035566036
conf010,0.1,PNOA_area_LiDAR_508000_4179000_512000_4183000_14_07,14,7,510832.0,4179979.0,510616.0,4179868.0,511048.0,4180090.0,9.5904,2.548,26.568234901568232,1.1966,1.0579,0.2888,0.0047,0.0,0.0,459,355,355,104,0.3509194727668845,8.167874569288442,8.159619331359863,2.017578125,15.351031303405762,8.870859229161677,8.467274273393924,96.48880339275641,39.142195680774755,10.060977998076869,4.081393443524227,37.86844717141146,15.361929231073294,37.01618284951618,139.32496075353217
conf010,0.1,PNOA_area_LiDAR_508000_4179000_512000_4183000_14_08,14,8,511264.0,4179979.0,511048.0,4179868.0,511480.0,4180090.0,9.5904,1.5521,16.18389222555889,1.0786,0.466,0.0075,0.0,0.0,0.0,471,356,356,115,0.3794763821656051,5.692690611555335,6.239428758621216,2.00634765625,10.8282470703125,9.210500739354057,8.954227849609193,59.058962189944914,22.59454163265618,6.1581333614807425,2.3559540407757944,38.05100327939238,14.557400703985685,37.120453787120454,229.36666451903872
conf010,0.1,PNOA_area_LiDAR_508000_4179000_512000_4183000_14_09,14,9,511696.0,4179979.0,511480.0,4179868.0,511912.0,4180090.0,9.5904,0.2871,2.9936186186186187,0.2631,0.024,0.0,0.0,0.0,0.0,562,364,364,198,0.3658740676156584,2.615005372644781,2.353887915611267,2.00341796875,10.112622261047363,5.90330692221687,5.645002129040292,8.151707992121919,2.6171466603656737,0.8499862354147812,0.2728923361242152,28.39327060996837,9.115801673165008,37.954621287954616,1267.8509230233367
conf010,0.1,PNOA_area_LiDAR_508000_4179000_512000_4183000_14_10,14,10,511956.0,4179979.0,511912.0,4179868.0,512000.0,4180090.0,1.9536,0.0965,4.939598689598689,0.0682,0.0276,0.0007,0.0,0.0,0.0,177,61,61,116,0.468201790960452,3.5784341702695754,2.4139404296875,2.004638671875,9.48065185546875,6.0723426370935805,5.528310767995567,3.8276000589120565,1.4419903077092362,1.9592547394103483,0.7381195268781922,39.66424931515084,14.942904743100893,31.224406224406223,632.1243523316062
conf010,0.1,PNOA_area_LiDAR_508000_4179000_512000_4183000_15_01,15,1,508228.0,4179757.0,508000.0,4179646.0,508456.0,4179868.0,10.1232,3.4542,34.12162162162162,1.2291,1.5626,0.5817,0.0789,0.0019,0.0,508,502,502,6,0.35400211023622047,11.896608538836597,11.908070087432861,2.3918304443359375,20.493518829345703,8.066239040003246,7.682398895180514,224.45756589493786,95.54517208329926,22.172590277277724,9.43823811475613,64.98105665420006,27.6605790293843,49.58906274695748,145.3303225059348
conf010,0.1,PNOA_area_LiDAR_508000_4179000_512000_4183000_15_02,15,2,508672.0,4179757.0,508456.0,4179646.0,508888.0,4179868.0,9.5904,2.2108,23.052218885552218,0.9975,0.9688,0.2302,0.0143,0.0,0.0,220,219,218,2,0.32937886363636365,10.056459836219544,10.400317192077637,2.5264892578125,17.4425048828125,9.107556465667164,8.650106342557493,90.02278593569602,38.09874929888177,9.3867602952636,3.972592310944462,40.71955216921297,17.23301488098506,22.731064397731064,98.6068391532477
conf010,0.1,PNOA_area_LiDAR_508000_4179000_512000_4183000_15_03,15,3,509104.0,4179757.0,508888.0,4179646.0,509320.0,4179868.0,9.5904,1.5957,16.638513513513512,1.2067,0.3533,0.0356,0.0001,0.0,0.0,448,424,423,25,0.4147506183035714,5.046222089596514,3.551721215248108,2.0042724609375,13.569290161132812,8.667663379799523,8.353348448816972,55.96105904691983,21.44668180911268,5.835112096150299,2.2362656207366407,35.06991229361398,13.440296928691284,44.106606606606604,265.08742244782854
conf010,0.1,PNOA_area_LiDAR_508000_4179000_512000_4183000_15_04,15,4,509536.0,4179757.0,509320.0,4179646.0,509752.0,4179868.0,9.5904,6.2122,64.77519185852519,3.0522,3.0086,0.1511,0.0003,0.0,0.0,601,596,596,5,0.3260723943427621,8.304297922441624,8.5108642578125,2.040210008621216,14.434789657592773,8.683485630232836,8.38737657437338,156.27203189938518,61.9588960594759,16.29463128747343,6.460512185047119,25.15566657534934,9.973744576716122,62.14547881214548,95.94024661150638
conf010,0.1,PNOA_area_LiDAR_508000_4179000_512000_4183000_15_05,15,5,509968.0,4179757.0,509752.0,4179646.0,510184.0,4179868.0,9.5904,4.8965,51.05626459793125,2.6012,1.968,0.3085,0.0188,0.0,0.0,614,592,592,22,0.3484269706840391,8.661240234971046,8.308175563812256,2.010986328125,17.281208038330078,8.535748310006584,8.27878554079053,166.0726375922142,66.98452795973763,17.316549632154466,6.984539535341344,33.91660116250673,13.680083316601172,61.72839506172839,120.90268559174922
conf010,0.1,PNOA_area_LiDAR_508000_4179000_512000_4183000_15_06,15,6,510400.0,4179757.0,510184.0,4179646.0,510616.0,4179868.0,9.5904,7.2548,75.64647981314648,2.5242,4.0963,0.6263,0.008,0.0,0.0,678,678,678,0,0.33430723156342185,9.90025049324936,9.954864501953125,2.7725830078125,15.748712539672852,8.148151469393145,7.789035960097193,214.5173754578631,86.95923340044398,22.367927871398802,9.067320800012926,29.56902677646015,11.986441170045207,70.69569569569569,93.45536748084027
conf010,0.1,PNOA_area_LiDAR_508000_4179000_512000_4183000_15_07,15,7,510832.0,4179757.0,510616.0,4179646.0,511048.0,4179868.0,9.5904,3.156,32.907907907907905,1.5363,1.5396,0.0801,0.0,0.0,0.0,531,431,430,101,0.3681912693032015,6.827561934973414,7.360033988952637,2.02783203125,12.502283096313477,9.05416092138566,8.877499591782442,91.20956738739083,35.86063193830731,9.510507109963175,3.7392217152889664,28.900369894610527,11.36268439109864,44.8365031698365,136.24841571609633
conf010,0.1,PNOA_area_LiDAR_508000_4179000_512000_4183000_15_08,15,8,511264.0,4179757.0,511048.0,4179646.0,511480.0,4179868.0,9.5904,0.9885,10.307182182182181,0.7066,0.2518,0.0301,0.0,0.0,0.0,318,248,248,70,0.369651286163522,4.848263506927798,3.1984405517578125,2.001220703125,13.042139053344727,7.9544451355961705,7.0638034929941185,33.046825852621126,12.931342348010254,3.445823516497865,1.3483631911088436,33.43128563745182,13.081782850794388,25.85919252585919,250.88517956499746
conf010,0.1,PNOA_area_LiDAR_508000_4179000_512000_4183000_15_09,15,9,511696.0,4179757.0,511480.0,4179646.0,511912.0,4179868.0,9.5904,0.4004,4.175008341675008,0.3439,0.0563,0.0002,0.0,0.0,0.0,529,251,250,279,0.40198221739130435,3.0367327068906382,2.3604979515075684,2.0,8.714147567749023,6.742421597333133,6.022065902182526,11.539459041852579,4.0934828439790865,1.2032302137400503,0.42683129420869687,28.819827776854595,10.223483626321395,26.06773440106773,624.3756243756244
conf010,0.1,PNOA_area_LiDAR_508000_4179000_512000_4183000_15_10,15,10,511956.0,4179757.0,511912.0,4179646.0,512000.0,4179868.0,1.9536,0.099,5.0675675675675675,0.0782,0.0208,0.0,0.0,0.0,0.0,248,79,79,169,0.4462025685483871,3.549065233785895,2.4814085960388184,2.0020751953125,8.146631240844727,6.345640219304674,5.955286898031742,4.637376015101791,1.6959518151906456,2.3737592214894505,0.8681162035169152,46.84218197072516,17.130826416067126,40.43816543816544,797.9797979797979
conf010,0.1,PNOA_area_LiDAR_508000_4179000_512000_4183000_16_01,16,1,508228.0,4179535.0,508000.0,4179424.0,508456.0,4179646.0,10.1232,5.3156,52.50908803540382,1.2695,2.6099,1.3197,0.1145,0.002,0.0,610,608,608,2,0.34974493114754096,11.706941362666456,11.758680820465088,2.24639892578125,20.532556533813477,8.208973070877311,7.977750637168081,267.85012974459863,113.38988356398556,26.459037630847817,11.2009921333161,50.38944422917425,21.33153050718368,60.06006006006005,114.380314545865
conf010,0.1,PNOA_area_LiDAR_508000_4179000_512000_4183000_16_02,16,2,508672.0,4179535.0,508456.0,4179424.0,508888.0,4179646.0,9.5904,1.5899,16.578036369703035,1.2443,0.3058,0.0395,0.0003,0.0,0.0,283,270,270,13,0.39583474204946995,5.270496423156173,3.973046898841858,2.0560302734375,13.986581802368164,8.761729983381166,8.333105424988684,38.286472444583836,14.764636550119356,3.9921663793568394,1.5395224964672334,24.081056949860894,9.28651899498041,28.153153153153152,169.82200138373483
conf010,0.1,PNOA_area_LiDAR_508000_4179000_512000_4183000_16_03,16,3,509104.0,4179535.0,508888.0,4179424.0,509320.0,4179646.0,9.5904,2.1355,22.267058725392054,1.3767,0.6931,0.0656,0.0001,0.0,0.0,483,458,458,25,0.39522539958592134,5.303492928175947,3.623291015625,2.043701171875,12.681890487670898,8.704197689492805,8.470001946506953,65.98407286444382,25.475693035603513,6.8802211445240875,2.656374398940973,30.89865271104838,11.929615095108177,47.756089422756084,214.46967923202996
conf010,0.1,PNOA_area_LiDAR_508000_4179000_512000_4183000_16_04,16,4,509536.0,4179535.0,509320.0,4179424.0,509752.0,4179646.0,9.5904,2.3984,25.00834167500834,1.6105,0.7579,0.03,0.0,0.0,0.0,520,483,483,37,0.36043471923076925,5.507647259635214,5.02130126953125,2.0042724609375,12.648290634155273,8.767112098093639,8.467438946689205,73.76439849227953,28.463460924635545,7.691482992605055,2.9679117580742767,30.755669818328688,11.867687176715954,50.36286286286286,201.3842561707805
conf010,0.1,PNOA_area_LiDAR_508000_4179000_512000_4183000_16_05,16,5,509968.0,4179535.0,509752.0,4179424.0,510184.0,4179646.0,9.5904,3.1354,32.69310977644311,1.7495,1.3336,0.0514,0.0009,0.0,0.0,457,415,415,42,0.3815325207877462,6.525155196706932,7.123693943023682,2.0067138671875,15.013158798217773,8.825951941644437,8.643881951997718,80.43303880597786,31.26687119042451,8.38682837066002,3.2602259749775304,25.653198573061765,9.972211261856385,43.272439105772435,132.35950755884417
conf010,0.1,PNOA_area_LiDAR_508000_4179000_512000_4183000_16_06,16,6,510400.0,4179535.0,510184.0,4179424.0,510616.0,4179646.0,9.5904,4.1716,43.49766433099766,2.372,1.5671,0.231,0.0015,0.0,0.0,642,629,629,13,0.38597433956386296,7.080861424035223,6.353759765625,2.0279541015625,15.4759521484375,8.359832051317676,8.142337918720406,122.67117891327892,47.692669931608144,12.791038842308863,4.972959410619801,29.406265920337265,11.432704461503535,65.58641975308642,150.78147473391505
conf010,0.1,PNOA_area_LiDAR_508000_4179000_512000_4183000_16_07,16,7,510832.0,4179535.0,510616.0,4179424.0,511048.0,4179646.0,9.5904,0.8503,8.866157824491157,0.6053,0.2295,0.0155,0.0,0.0,0.0,602,339,339,263,0.37083271594684386,3.855616494265981,2.6233153343200684,2.0037841796875,12.438525199890137,8.196584538897806,6.891150356755177,29.98522388597483,11.21022718614751,3.1265874088645758,1.1689008994564887,35.26428776428887,13.183849448603446,35.347847847847845,398.6828178290016
conf010,0.1,PNOA_area_LiDAR_508000_4179000_512000_4183000_16_08,16,8,511264.0,4179535.0,511048.0,4179424.0,511480.0,4179646.0,9.5904,0.2717,2.833041374708041,0.2516,0.0156,0.0045,0.0,0.0,0.0,571,292,291,280,0.38669204203152363,2.4697997839483494,2.2376800775527954,2.00146484375,12.9417724609375,5.904840983948631,5.753764475604643,7.190332008663411,2.603550609542445,0.7497426602293346,0.27147466315716184,26.464232641381713,9.58244611535681,30.342842842842842,1071.0342289289658
conf010,0.1,PNOA_area_LiDAR_508000_4179000_512000_4183000_16_09,16,9,511696.0,4179535.0,511480.0,4179424.0,511912.0,4179646.0,9.5904,0.8704,9.075742409075742,0.4671,0.3505,0.0528,0.0,0.0,0.0,544,248,248,296,0.3884395533088235,4.937822733194597,2.79754638671875,2.0009765625,13.211010932922363,7.861873121273855,7.004651491388392,39.56699555767115,16.122898478997367,4.125687724982393,1.6811497413035292,45.45840482269204,18.523550642230433,25.85919252585919,284.9264705882353
conf010,0.1,PNOA_area_LiDAR_508000_4179000_512000_4183000_16_10,16,10,511956.0,4179535.0,511912.0,4179424.0,512000.0,4179646.0,1.9536,0.1461,7.478501228501229,0.1097,0.0325,0.0039,0.0,0.0,0.0,212,109,109,103,0.5380933537735849,3.7884361022109285,2.517468214035034,2.00531005859375,13.854510307312012,6.294495119636113,6.132743235797026,5.651224434639675,2.010533931781237,2.892723400204584,1.0291430854736063,38.680523166596,13.761354769207646,55.794430794430795,746.0643394934975
conf010,0.1,PNOA_area_LiDAR_508000_4179000_512000_4183000_17_01,17,1,508228.0,4179313.0,508000.0,4179202.0,508456.0,4179424.0,10.1232,5.3501,52.849889363047254,1.6142,2.2912,1.15,0.2534,0.0389,0.0024,591,587,587,4,0.3381314585448393,13.270238957169514,13.236740112304688,2.04095458984375,25.535202026367188,8.518296183059446,8.345207034835564,351.98042157108483,155.78163313139376,34.76967970316548,15.38857605612788,65.78950329359915,29.11751801487706,57.98561719614351,109.71757537242294
conf010,0.1,PNOA_area_LiDAR_508000_4179000_512000_4183000_17_02,17,2,508672.0,4179313.0,508456.0,4179202.0,508888.0,4179424.0,9.5904,3.44,35.8692025358692,1.6405,1.2447,0.5088,0.0421,0.0039,0.0,457,442,442,15,0.3599819168490153,7.4329806043012105,5.929280042648315,2.0857086181640625,28.189258575439453,8.862703883376323,8.56405903390922,123.37081967446308,52.37449894612768,12.8639910404637,5.461138111666633,35.86361037048346,15.225145042478976,46.08775442108775,128.48837209302326
conf010,0.1,PNOA_area_LiDAR_508000_4179000_512000_4183000_17_03,17,3,509104.0,4179313.0,508888.0,4179202.0,509320.0,4179424.0,9.5904,2.3521,24.525567233900567,1.2652,0.91,0.1738,0.0031,0.0,0.0,462,424,424,38,0.3578711168831169,6.809801516105544,6.550317287445068,2.016357421875,17.8626708984375,8.883635266192268,8.592852926823817,95.34513943482476,38.68582566894773,9.941727084879124,4.033807314496551,40.536175942700034,16.44735583901523,44.210877544210874,180.26444453892265
conf010,0.1,PNOA_area_LiDAR_508000_4179000_512000_4183000_17_04,17,4,509536.0,4179313.0,509320.0,4179202.0,509752.0,4179424.0,9.5904,0.639,6.662912912912912,0.564,0.0733,0.0017,0.0,0.0,0.0,379,289,289,90,0.39858899736147757,3.6306319154257594,2.8507080078125,2.005859375,10.264575004577637,8.403784912709037,8.01683078362542,19.562031461574612,6.926243542553232,2.0397513619426313,0.7222059082575525,30.61350776459251,10.839191772383774,30.1343009676343,452.2691705790297
conf010,0.1,PNOA_area_LiDAR_508000_4179000_512000_4183000_17_05,17,5,509968.0,4179313.0,509752.0,4179202.0,510184.0,4179424.0,9.5904,0.8681,9.05176009342676,0.6701,0.1894,0.0086,0.0,0.0,0.0,382,287,287,95,0.3853723272251309,4.57241027695792,3.245220899581909,2.0001220703125,11.863744735717773,9.304115824041917,9.189994817106076,35.29204626801275,13.305904672022727,3.679934754339,1.3874191558248588,40.65435579773384,15.327617408158885,29.925759092425757,330.6070729178666
conf010,0.1,PNOA_area_LiDAR_508000_4179000_512000_4183000_17_06,17,6,510400.0,4179313.0,510184.0,4179202.0,510616.0,4179424.0,9.5904,1.1992,12.50417083750417,0.8699,0.3119,0.0172,0.0002,0.0,0.0,246,210,210,36,0.37504796341463414,5.542365699722653,5.252758979797363,2.0076904296875,14.96630859375,9.451023085780486,9.209858127021956,35.09622662311205,13.46365260347247,3.659516456363869,1.4038676805422579,29.26636643021352,11.227195299760231,21.896896896896894,175.11674449633088
conf010,0.1,PNOA_area_LiDAR_508000_4179000_512000_4183000_17_07,17,7,510832.0,4179313.0,510616.0,4179202.0,511048.0,4179424.0,9.5904,1.4327,14.938897230563896,1.0385,0.3498,0.0442,0.0002,0.0,0.0,563,361,359,204,0.3645097886323268,3.9813470893289242,2.755145311355591,2.0020751953125,13.94482421875,8.200669893936844,6.808990099487513,36.864689374609924,14.08524321993967,3.8439157255807808,1.4686815169273095,25.730920202840736,9.831257918573092,37.43326659993326,250.57583583443846
conf010,0.1,PNOA_area_LiDAR_508000_4179000_512000_4183000_17_08,17,8,511264.0,4179313.0,511048.0,4179202.0,511480.0,4179424.0,9.5904,0.1664,1.7350684017350682,0.1595,0.0069,0.0,0.0,0.0,0.0,561,262,262,299,0.42121029233511587,2.4092383257305348,2.293164014816284,2.0013427734375,8.140722274780273,5.961028494410444,5.786506288588756,4.522405891633318,1.3802246186860472,0.47155550254768497,0.14391731509489147,27.177920021834847,8.294619102680572,27.318985652318982,1574.519230769231
conf010,0.1,PNOA_area_LiDAR_508000_4179000_512000_4183000_17_09,17,9,511696.0,4179313.0,511480.0,4179202.0,511912.0,4179424.0,9.5904,0.3451,3.5983900567233897,0.2611,0.0727,0.0111,0.0002,0.0,0.0,425,247,247,178,0.4384378635294118,3.1258141357406433,2.45037841796875,2.0001220703125,13.1130952835083,6.447039527649937,6.0217986337446305,14.090665286361043,5.510821613283208,1.4692468808768187,0.5746185365869211,40.83067309869905,15.968767352312975,25.75492158825492,715.7345696899449
conf010,0.1,PNOA_area_LiDAR_508000_4179000_512000_4183000_17_10,17,10,511956.0,4179313.0,511912.0,4179202.0,512000.0,4179424.0,1.9536,0.0435,2.2266584766584763,0.0427,0.0008,0.0,0.0,0.0,0.0,159,53,53,106,0.4933587295597484,2.68225604183269,2.3239166736602783,2.0032958984375,7.301461696624756,5.654662329276405,5.234101338506939,0.9706585612570162,0.2854948510938425,0.49685634789978306,0.14613782304148365,22.313989913954398,6.563100025145805,27.12940212940213,1218.3908045977012
conf010,0.1,PNOA_area_LiDAR_508000_4179000_512000_4183000_18_01,18,1,508228.0,4179101.0,508000.0,4179000.0,508456.0,4179202.0,9.2112,4.3281,46.98736321000521,2.0511,1.3977,0.6315,0.1891,0.0512,0.0075,454,451,451,3,0.3440694625550661,11.154188133924869,11.503631591796875,2.02459716796875,36.40687561035156,8.83314008446167,8.464978004280836,228.50547287615458,102.40187566917365,24.807351146012962,11.11710479298828,52.79579327560698,23.65977580674514,48.9621330554108,104.20276795822647
conf010,0.1,PNOA_area_LiDAR_508000_4179000_512000_4183000_18_02,18,2,508672.0,4179101.0,508456.0,4179000.0,508888.0,4179202.0,8.7264,3.3365,38.234552621928856,1.7062,1.3234,0.3043,0.0026,0.0,0.0,371,361,361,10,0.36388561994609164,6.612105506278802,4.139746189117432,2.00732421875,15.397021293640137,9.059289954194005,8.656941897475718,75.9553170960946,30.519812565156716,8.704083825643405,3.4974115975839655,22.764968408839984,9.14725387836257,41.36872020535387,108.19721264798441
conf010,0.1,PNOA_area_LiDAR_508000_4179000_512000_4183000_18_03,18,3,509104.0,4179101.0,508888.0,4179000.0,509320.0,4179202.0,8.7264,1.2885,14.76553905390539,0.5999,0.5187,0.1692,0.0007,0.0,0.0,265,216,216,49,0.33053641132075473,6.2773597869608135,3.5526275634765625,2.0038819313049316,14.545721054077148,8.82706808444509,8.653693520444628,44.382114638727856,18.056039768039422,5.085959231610728,2.0691281362348075,34.44479211387494,14.013224499836571,24.752475247524753,167.63678696158323
conf010,0.1,PNOA_area_LiDAR_508000_4179000_512000_4183000_18_04,18,4,509536.0,4179101.0,509320.0,4179000.0,509752.0,4179202.0,8.7264,0.3236,3.7082874954162084,0.2827,0.0402,0.0007,0.0,0.0,0.0,315,211,211,104,0.36971404761904764,3.2678071401695505,2.6132569313049316,2.0001220703125,9.951397895812988,8.601652466408536,8.331527889896494,13.188647457072243,4.686024205582154,1.51135032282181,0.5369939729535838,40.75601809972881,14.480915344815061,24.17950128346168,652.0395550061804
conf010,0.1,PNOA_area_LiDAR_508000_4179000_512000_4183000_18_05,18,5,509968.0,4179101.0,509752.0,4179000.0,510184.0,4179202.0,8.7264,0.7051,8.080078841217455,0.5749,0.1285,0.0017,0.0,0.0,0.0,251,208,208,43,0.43749689641434264,4.410169583100539,3.526647925376892,2.0220947265625,11.580535888671875,8.864316376755374,8.407514207796478,21.66224764262768,7.95465570365397,2.482380780462468,0.9115621222559096,30.722234637112013,11.281599352792469,23.835716905023837,294.99361792653525
conf010,0.1,PNOA_area_LiDAR_508000_4179000_512000_4183000_18_06,18,6,510400.0,4179101.0,510184.0,4179000.0,510616.0,4179202.0,8.7264,1.8435,21.125550055005498,1.356,0.4676,0.0199,0.0,0.0,0.0,310,273,273,37,0.36237802258064516,5.99697513108725,5.816626071929932,2.01513671875,11.998693466186523,10.199340169052816,9.78929757763539,55.87470436298457,21.836191591090888,6.40295016994231,2.5023138511976173,30.309034099801778,11.844964247947322,31.284378437843785,148.0878763222132
conf010,0.1,PNOA_area_LiDAR_508000_4179000_512000_4183000_18_07,18,7,510832.0,4179101.0,510616.0,4179000.0,511048.0,4179202.0,8.7264,0.5616,6.435643564356436,0.5141,0.047,0.0005,0.0,0.0,0.0,214,183,182,32,0.41576442056074764,3.466164842980807,2.7844605445861816,2.008056640625,10.200769424438477,8.773325441891382,7.447942591130875,14.129453362328936,5.098429881212644,1.6191617806115852,0.5842535159072061,25.159283052580015,9.078400785635049,20.856252291895856,324.0740740740741
conf010,0.1,PNOA_area_LiDAR_508000_4179000_512000_4183000_18_08,18,8,511264.0,4179101.0,511048.0,4179000.0,511480.0,4179202.0,8.7264,0.2422,2.7754858819215253,0.2244,0.013,0.004,0.0008,0.0,0.0,571,266,266,305,0.36703766549912437,2.536032951864085,2.3070555925369263,2.0009765625,15.643206596374512,6.1692920381779,5.993549174716215,5.928162094212395,1.9465609413804228,0.6793365069458648,0.22306574777461757,24.476309224658937,8.036998106442704,30.482214888155482,1098.2658959537573
conf010,0.1,PNOA_area_LiDAR_508000_4179000_512000_4183000_18_09,18,9,511696.0,4179101.0,511480.0,4179000.0,511912.0,4179202.0,8.7264,0.4521,5.180830583058306,0.3874,0.0584,0.0051,0.0012,0.0,0.0,539,350,350,189,0.4301537606679035,2.982795122691563,2.374536156654358,2.00048828125,18.804285049438477,6.246290979477079,5.872942734833757,15.910170006036259,6.133825289322633,1.8232226354552001,0.702904438178703,35.19170538826865,13.567408293126816,40.10817748441511,774.1650077416501
conf010,0.1,PNOA_area_LiDAR_508000_4179000_512000_4183000_18_10,18,10,511956.0,4179101.0,511912.0,4179000.0,512000.0,4179202.0,1.7776,0.5108,28.735373537353738,0.2308,0.2212,0.0567,0.0021,0.0,0.0,211,159,159,52,0.4155870142180095,8.634370848817646,9.1937255859375,2.03143310546875,17.855682373046875,6.197506852539184,5.757270051170734,28.065375150342014,10.89507756026976,15.788352357303113,6.129094037055445,54.943960748516076,21.329439233104463,89.44644464446445,311.2764291307752
